{"stats":{"minecraft:dropped":{"minecraft:wooden_sword":1},"minecraft:killed_by":{"minecraft:player":1,"minecraft:zombie":1},"minecraft:killed":{"minecraft:sheep":3},"minecraft:picked_up":{"minecraft:birch_log":6,"minecraft:crafting_table":2,"minecraft:raw_iron":21,"minecraft:torch":1,"minecraft:dripstone_block":1,"minecraft:cornflower":6,"minecraft:dirt":85,"minecraft:wooden_sword":1,"minecraft:wheat_seeds":5,"minecraft:mutton":3,"minecraft:coal":2,"minecraft:white_wool":2,"minecraft:cobblestone":209},"minecraft:custom":{"minecraft:time_since_rest":27074,"minecraft:interact_with_furnace":1,"minecraft:sprint_one_cm":71033,"minecraft:damage_taken":596,"minecraft:walk_one_cm":96920,"minecraft:mob_kills":3,"minecraft:drop":1,"minecraft:damage_dealt":301,"minecraft:interact_with_crafting_table":5,"minecraft:swim_one_cm":1298,"minecraft:fly_one_cm":23181,"minecraft:crouch_one_cm":1260,"minecraft:play_time":36266,"minecraft:deaths":2,"minecraft:sneak_time":613,"minecraft:walk_under_water_one_cm":847,"minecraft:jump":604,"minecraft:walk_on_water_one_cm":1664,"minecraft:time_since_death":26966,"minecraft:total_world_time":36266,"minecraft:fall_one_cm":3933},"minecraft:crafted":{"minecraft:wooden_sword":1,"minecraft:crafting_table":2,"minecraft:stick":12,"minecraft:wooden_pickaxe":1,"minecraft:stone_pickaxe":2,"minecraft:furnace":1,"minecraft:torch":4,"minecraft:birch_planks":24},"minecraft:broken":{"minecraft:stone_pickaxe":1,"minecraft:wooden_pickaxe":1},"minecraft:used":{"minecraft:stone_pickaxe":187,"minecraft:wooden_pickaxe":59,"minecraft:torch":4,"minecraft:wooden_sword":43,"minecraft:dirt":66,"minecraft:cobblestone":72,"minecraft:crafting_table":4,"minecraft:furnace":1},"minecraft:mined":{"minecraft:birch_log":6,"minecraft:iron_ore":21,"minecraft:crafting_table":2,"minecraft:cornflower":3,"minecraft:grass":22,"minecraft:grass_block":36,"minecraft:coal_ore":3,"minecraft:dripstone_block":1,"minecraft:dirt":39,"minecraft:cobblestone":2,"minecraft:tall_grass":2,"minecraft:stone":211,"minecraft:wall_torch":1}},"DataVersion":3120}