{"stats":{"minecraft:dropped":{"minecraft:wooden_sword":1},"minecraft:killed_by":{"minecraft:player":1,"minecraft:skeleton":1,"minecraft:zombie":1},"minecraft:killed":{"minecraft:sheep":5,"minecraft:rabbit":1},"minecraft:picked_up":{"minecraft:birch_log":6,"minecraft:stick":4,"minecraft:crafting_table":2,"minecraft:raw_iron":46,"minecraft:azure_bluet":2,"minecraft:torch":1,"minecraft:dripstone_block":1,"minecraft:oak_log":5,"minecraft:cornflower":16,"minecraft:dirt":189,"minecraft:wooden_sword":1,"minecraft:rotten_flesh":2,"minecraft:wheat_seeds":8,"minecraft:stone_pickaxe":1,"minecraft:rabbit":1,"minecraft:oak_sapling":1,"minecraft:mutton":6,"minecraft:coal":20,"minecraft:white_wool":4,"minecraft:cobblestone":326},"minecraft:custom":{"minecraft:time_since_rest":2680,"minecraft:interact_with_furnace":4,"minecraft:sprint_one_cm":176620,"minecraft:damage_taken":981,"minecraft:walk_one_cm":196625,"minecraft:mob_kills":7,"minecraft:drop":1,"minecraft:damage_dealt":562,"minecraft:interact_with_crafting_table":6,"minecraft:swim_one_cm":1298,"minecraft:fly_one_cm":44528,"minecraft:crouch_one_cm":1757,"minecraft:play_time":60266,"minecraft:deaths":3,"minecraft:sneak_time":713,"minecraft:walk_under_water_one_cm":847,"minecraft:jump":875,"minecraft:walk_on_water_one_cm":1664,"minecraft:time_since_death":2651,"minecraft:sleep_in_bed":1,"minecraft:total_world_time":60266,"minecraft:fall_one_cm":5994},"minecraft:crafted":{"minecraft:wooden_sword":1,"minecraft:oak_planks":20,"minecraft:crafting_table":2,"minecraft:stick":12,"minecraft:wooden_pickaxe":1,"minecraft:stone_pickaxe":2,"minecraft:furnace":1,"minecraft:white_bed":1,"minecraft:torch":4,"minecraft:birch_planks":24,"minecraft:cooked_rabbit":1,"minecraft:cooked_mutton":4},"minecraft:broken":{"minecraft:stone_pickaxe":1,"minecraft:wooden_sword":1,"minecraft:wooden_pickaxe":1},"minecraft:used":{"minecraft:cooked_mutton":4,"minecraft:stone_pickaxe":224,"minecraft:oak_planks":20,"minecraft:wooden_pickaxe":59,"minecraft:torch":4,"minecraft:wooden_sword":99,"minecraft:dirt":147,"minecraft:cobblestone":135,"minecraft:crafting_table":4,"minecraft:furnace":1,"minecraft:white_bed":1},"minecraft:mined":{"minecraft:birch_log":6,"minecraft:iron_ore":23,"minecraft:bee_nest":1,"minecraft:azure_bluet":1,"minecraft:crafting_table":2,"minecraft:cornflower":12,"minecraft:oak_log":5,"minecraft:grass":58,"minecraft:grass_block":138,"minecraft:coal_ore":21,"minecraft:dripstone_block":1,"minecraft:dirt":41,"minecraft:cobblestone":2,"minecraft:tall_grass":10,"minecraft:stone":225,"minecraft:wall_torch":1}},"DataVersion":3120}