{"stats":{"minecraft:dropped":{"minecraft:wooden_sword":1},"minecraft:killed_by":{"minecraft:player":1,"minecraft:zombie":1},"minecraft:killed":{"minecraft:sheep":3},"minecraft:picked_up":{"minecraft:birch_log":6,"minecraft:crafting_table":1,"minecraft:raw_iron":12,"minecraft:dripstone_block":1,"minecraft:cornflower":1,"minecraft:dirt":48,"minecraft:wooden_sword":1,"minecraft:wheat_seeds":3,"minecraft:mutton":3,"minecraft:coal":2,"minecraft:white_wool":2,"minecraft:cobblestone":57},"minecraft:custom":{"minecraft:time_since_rest":15074,"minecraft:sprint_one_cm":71033,"minecraft:damage_taken":556,"minecraft:walk_one_cm":67801,"minecraft:mob_kills":3,"minecraft:drop":1,"minecraft:damage_dealt":289,"minecraft:interact_with_crafting_table":2,"minecraft:swim_one_cm":1298,"minecraft:fly_one_cm":23141,"minecraft:crouch_one_cm":1161,"minecraft:play_time":24266,"minecraft:deaths":2,"minecraft:sneak_time":603,"minecraft:walk_under_water_one_cm":847,"minecraft:jump":530,"minecraft:walk_on_water_one_cm":1664,"minecraft:time_since_death":14966,"minecraft:total_world_time":24266,"minecraft:fall_one_cm":3724},"minecraft:crafted":{"minecraft:wooden_sword":1,"minecraft:crafting_table":2,"minecraft:stick":12,"minecraft:wooden_pickaxe":1,"minecraft:stone_pickaxe":1,"minecraft:birch_planks":24},"minecraft:used":{"minecraft:stone_pickaxe":74,"minecraft:wooden_pickaxe":8,"minecraft:wooden_sword":42,"minecraft:dirt":36,"minecraft:cobblestone":28,"minecraft:crafting_table":2},"minecraft:mined":{"minecraft:birch_log":6,"minecraft:iron_ore":12,"minecraft:crafting_table":1,"minecraft:cornflower":1,"minecraft:grass":13,"minecraft:grass_block":18,"minecraft:coal_ore":3,"minecraft:dripstone_block":1,"minecraft:dirt":33,"minecraft:tall_grass":1,"minecraft:stone":62}},"DataVersion":3120}