{"stats":{"minecraft:dropped":{"minecraft:wooden_sword":1},"minecraft:killed_by":{"minecraft:player":1,"minecraft:zombie":1},"minecraft:killed":{"minecraft:sheep":5,"minecraft:rabbit":1},"minecraft:picked_up":{"minecraft:birch_log":6,"minecraft:crafting_table":2,"minecraft:raw_iron":21,"minecraft:azure_bluet":1,"minecraft:torch":1,"minecraft:dripstone_block":1,"minecraft:oak_log":5,"minecraft:cornflower":16,"minecraft:dirt":187,"minecraft:wooden_sword":1,"minecraft:wheat_seeds":8,"minecraft:rabbit":1,"minecraft:mutton":6,"minecraft:coal":2,"minecraft:white_wool":4,"minecraft:cobblestone":219},"minecraft:custom":{"minecraft:time_since_rest":187,"minecraft:interact_with_furnace":2,"minecraft:sprint_one_cm":126334,"minecraft:damage_taken":596,"minecraft:walk_one_cm":136040,"minecraft:mob_kills":6,"minecraft:drop":1,"minecraft:damage_dealt":494,"minecraft:interact_with_crafting_table":6,"minecraft:swim_one_cm":1298,"minecraft:fly_one_cm":31479,"minecraft:crouch_one_cm":1348,"minecraft:play_time":48266,"minecraft:deaths":2,"minecraft:sneak_time":644,"minecraft:walk_under_water_one_cm":847,"minecraft:jump":689,"minecraft:walk_on_water_one_cm":1664,"minecraft:time_since_death":38966,"minecraft:sleep_in_bed":1,"minecraft:total_world_time":48266,"minecraft:fall_one_cm":4411},"minecraft:crafted":{"minecraft:wooden_sword":1,"minecraft:crafting_table":2,"minecraft:stick":12,"minecraft:wooden_pickaxe":1,"minecraft:stone_pickaxe":2,"minecraft:furnace":1,"minecraft:white_bed":1,"minecraft:torch":4,"minecraft:birch_planks":24,"minecraft:cooked_mutton":3},"minecraft:broken":{"minecraft:stone_pickaxe":1,"minecraft:wooden_pickaxe":1},"minecraft:used":{"minecraft:cooked_mutton":3,"minecraft:stone_pickaxe":197,"minecraft:wooden_pickaxe":59,"minecraft:torch":4,"minecraft:wooden_sword":93,"minecraft:dirt":147,"minecraft:cobblestone":106,"minecraft:crafting_table":4,"minecraft:furnace":1,"minecraft:white_bed":1},"minecraft:mined":{"minecraft:birch_log":6,"minecraft:iron_ore":21,"minecraft:azure_bluet":1,"minecraft:crafting_table":2,"minecraft:cornflower":12,"minecraft:oak_log":5,"minecraft:grass":58,"minecraft:grass_block":137,"minecraft:coal_ore":3,"minecraft:dripstone_block":1,"minecraft:dirt":40,"minecraft:cobblestone":2,"minecraft:tall_grass":10,"minecraft:stone":221,"minecraft:wall_torch":1}},"DataVersion":3120}