{"stats":{"minecraft:dropped":{"minecraft:wheat_seeds":3,"minecraft:rotten_flesh":2,"minecraft:oak_sapling":1,"minecraft:string":1},"minecraft:killed_by":{"minecraft:cave_spider":1,"minecraft:skeleton":1,"minecraft:creeper":1},"minecraft:killed":{"minecraft:pig":3,"minecraft:spider":1,"minecraft:creeper":1,"minecraft:sheep":2,"minecraft:skeleton":2,"minecraft:zombie":2,"minecraft:chicken":20,"minecraft:cow":5},"minecraft:custom":{"minecraft:interact_with_furnace":50,"minecraft:mob_kills":36,"minecraft:interact_with_crafting_table":15,"minecraft:interact_with_stonecutter":1,"minecraft:time_since_death":50240,"minecraft:sleep_in_bed":2,"minecraft:time_since_rest":50308,"minecraft:sprint_one_cm":353768,"minecraft:damage_taken":2524,"minecraft:walk_one_cm":241706,"minecraft:drop":7,"minecraft:damage_dealt":3041,"minecraft:swim_one_cm":13193,"minecraft:talked_to_villager":1,"minecraft:fly_one_cm":376028,"minecraft:open_chest":3,"minecraft:crouch_one_cm":7586,"minecraft:play_time":94544,"minecraft:deaths":5,"minecraft:sneak_time":4504,"minecraft:walk_under_water_one_cm":2775,"minecraft:jump":2447,"minecraft:walk_on_water_one_cm":13973,"minecraft:total_world_time":94544,"minecraft:fall_one_cm":93396},"minecraft:picked_up":{"minecraft:iron_chestplate":1,"minecraft:crafting_table":6,"minecraft:feather":39,"minecraft:cooked_beef":13,"minecraft:chicken":29,"minecraft:water_bucket":1,"minecraft:andesite":5,"minecraft:leather":4,"minecraft:wooden_pickaxe":2,"minecraft:potato":5,"minecraft:flint":1,"minecraft:tuff":10,"minecraft:oak_log":25,"minecraft:yellow_bed":2,"minecraft:gunpowder":2,"minecraft:dirt":8,"minecraft:string":59,"minecraft:raw_copper":2,"minecraft:cooked_mutton":1,"minecraft:iron_leggings":1,"minecraft:bone":8,"minecraft:apple":4,"minecraft:wheat_seeds":6,"minecraft:cobbled_deepslate":80,"minecraft:raw_gold":16,"minecraft:bell":1,"minecraft:iron_ingot":3,"minecraft:stone_pickaxe":2,"minecraft:beef":10,"minecraft:cooked_chicken":5,"minecraft:iron_pickaxe":1,"minecraft:sugar_cane":31,"minecraft:oak_planks":30,"minecraft:iron_boots":1,"minecraft:furnace":8,"minecraft:egg":1,"minecraft:stick":16,"minecraft:raw_iron":121,"minecraft:pumpkin":2,"minecraft:torch":91,"minecraft:gravel":1,"minecraft:dripstone_block":3,"minecraft:porkchop":6,"minecraft:pointed_dripstone":2,"minecraft:stone_sword":1,"minecraft:arrow":3,"minecraft:rotten_flesh":10,"minecraft:diamond":3,"minecraft:stone_axe":1,"minecraft:iron_helmet":1,"minecraft:granite":3,"minecraft:oak_sapling":1,"minecraft:mutton":6,"minecraft:coal":152,"minecraft:white_wool":4,"minecraft:cobblestone":212},"minecraft:crafted":{"minecraft:cooked_beef":1,"minecraft:oak_planks":100,"minecraft:cooked_porkchop":3,"minecraft:crafting_table":2,"minecraft:iron_helmet":1,"minecraft:wooden_pickaxe":2,"minecraft:cooked_chicken":11,"minecraft:iron_sword":1,"minecraft:furnace":2,"minecraft:bucket":1,"minecraft:stone_axe":1,"minecraft:air":0,"minecraft:iron_chestplate":1,"minecraft:iron_boots":1,"minecraft:stick":36,"minecraft:iron_ingot":51,"minecraft:iron_pickaxe":1,"minecraft:stone_pickaxe":2,"minecraft:stone_sword":2,"minecraft:iron_leggings":1,"minecraft:torch":36},"minecraft:broken":{"minecraft:stone_pickaxe":1},"minecraft:used":{"minecraft:cooked_mutton":1,"minecraft:water_bucket":5,"minecraft:stone_sword":95,"minecraft:stone_pickaxe":308,"minecraft:oak_planks":6,"minecraft:wooden_pickaxe":43,"minecraft:iron_sword":107,"minecraft:cooked_chicken":10,"minecraft:iron_chestplate":1,"minecraft:white_wool":2,"minecraft:torch":32,"minecraft:dirt":4,"minecraft:crafting_table":5,"minecraft:dripstone_block":3,"minecraft:tuff":10,"minecraft:granite":3,"minecraft:chicken":2,"minecraft:bread":7,"minecraft:iron_pickaxe":173,"minecraft:iron_helmet":2,"minecraft:iron_boots":2,"minecraft:stone_axe":5,"minecraft:cobblestone":43,"minecraft:furnace":6,"minecraft:cooked_porkchop":3,"minecraft:andesite":5,"minecraft:bucket":5,"minecraft:cooked_beef":3,"minecraft:potato":7,"minecraft:cobbled_deepslate":77,"minecraft:iron_leggings":1},"minecraft:mined":{"minecraft:tuff":10,"minecraft:glass_pane":1,"minecraft:deepslate_diamond_ore":1,"minecraft:sculk_vein":10,"minecraft:crafting_table":5,"minecraft:torch":7,"minecraft:granite":5,"minecraft:grass_block":2,"minecraft:tall_grass":6,"minecraft:cobblestone":12,"minecraft:spruce_leaves":4,"minecraft:oak_planks":2,"minecraft:sculk":29,"minecraft:wall_torch":5,"minecraft:spawner":1,"minecraft:furnace":5,"minecraft:iron_ore":40,"minecraft:andesite":5,"minecraft:pumpkin":1,"minecraft:yellow_bed":1,"minecraft:grass":33,"minecraft:coal_ore":93,"minecraft:pointed_dripstone":1,"minecraft:oak_log":28,"minecraft:deepslate_iron_ore":57,"minecraft:gravel":3,"minecraft:dripstone_block":1,"minecraft:dirt":7,"minecraft:cobweb":59,"minecraft:stone":169,"minecraft:deepslate":84,"minecraft:oak_leaves":5}},"DataVersion":3120}