{"stats":{"minecraft:dropped":{"minecraft:wheat_seeds":1,"minecraft:rotten_flesh":2,"minecraft:oak_sapling":1,"minecraft:string":1},"minecraft:killed_by":{"minecraft:cave_spider":1,"minecraft:skeleton":1},"minecraft:killed":{"minecraft:pig":2,"minecraft:creeper":1,"minecraft:sheep":2,"minecraft:skeleton":1,"minecraft:chicken":14,"minecraft:cow":4},"minecraft:custom":{"minecraft:interact_with_furnace":4,"minecraft:mob_kills":24,"minecraft:interact_with_crafting_table":4,"minecraft:interact_with_stonecutter":1,"minecraft:time_since_death":1732,"minecraft:sleep_in_bed":2,"minecraft:time_since_rest":1830,"minecraft:sprint_one_cm":212735,"minecraft:damage_taken":1285,"minecraft:walk_one_cm":94703,"minecraft:drop":5,"minecraft:damage_dealt":1776,"minecraft:swim_one_cm":5168,"minecraft:talked_to_villager":1,"minecraft:fly_one_cm":191645,"minecraft:open_chest":3,"minecraft:crouch_one_cm":1225,"minecraft:play_time":40544,"minecraft:deaths":3,"minecraft:sneak_time":477,"minecraft:walk_under_water_one_cm":873,"minecraft:jump":992,"minecraft:walk_on_water_one_cm":3555,"minecraft:total_world_time":40544,"minecraft:fall_one_cm":48536},"minecraft:picked_up":{"minecraft:crafting_table":3,"minecraft:feather":17,"minecraft:chicken":23,"minecraft:leather":2,"minecraft:wooden_pickaxe":1,"minecraft:potato":5,"minecraft:oak_log":5,"minecraft:yellow_bed":2,"minecraft:gunpowder":1,"minecraft:string":1,"minecraft:bone":3,"minecraft:wheat_seeds":4,"minecraft:cobbled_deepslate":3,"minecraft:bell":1,"minecraft:stone_pickaxe":2,"minecraft:beef":7,"minecraft:cooked_chicken":5,"minecraft:oak_planks":4,"minecraft:furnace":1,"minecraft:egg":1,"minecraft:raw_iron":42,"minecraft:pumpkin":1,"minecraft:torch":33,"minecraft:porkchop":3,"minecraft:pointed_dripstone":2,"minecraft:stone_sword":1,"minecraft:rotten_flesh":2,"minecraft:stone_axe":1,"minecraft:granite":3,"minecraft:oak_sapling":1,"minecraft:mutton":3,"minecraft:coal":97,"minecraft:white_wool":4,"minecraft:cobblestone":123},"minecraft:crafted":{"minecraft:oak_planks":20,"minecraft:crafting_table":1,"minecraft:wooden_pickaxe":1,"minecraft:cooked_chicken":5,"minecraft:furnace":1,"minecraft:stone_axe":1,"minecraft:air":0,"minecraft:stick":20,"minecraft:stone_pickaxe":1,"minecraft:stone_sword":1,"minecraft:torch":36},"minecraft:broken":{"minecraft:stone_pickaxe":1},"minecraft:used":{"minecraft:stone_sword":77,"minecraft:stone_pickaxe":218,"minecraft:oak_planks":2,"minecraft:wooden_pickaxe":36,"minecraft:cooked_chicken":5,"minecraft:white_wool":2,"minecraft:torch":23,"minecraft:crafting_table":3,"minecraft:granite":3,"minecraft:chicken":2,"minecraft:bread":7,"minecraft:stone_axe":5,"minecraft:cobblestone":8,"minecraft:furnace":1,"minecraft:potato":7},"minecraft:mined":{"minecraft:glass_pane":1,"minecraft:crafting_table":3,"minecraft:torch":1,"minecraft:granite":5,"minecraft:grass_block":1,"minecraft:tall_grass":6,"minecraft:cobblestone":11,"minecraft:oak_planks":2,"minecraft:furnace":1,"minecraft:iron_ore":27,"minecraft:pumpkin":1,"minecraft:yellow_bed":1,"minecraft:grass":23,"minecraft:coal_ore":74,"minecraft:pointed_dripstone":1,"minecraft:oak_log":8,"minecraft:deepslate_iron_ore":5,"minecraft:stone":121,"minecraft:deepslate":3,"minecraft:oak_leaves":5}},"DataVersion":3120}