{"stats":{"minecraft:dropped":{"minecraft:wheat_seeds":1,"minecraft:oak_sapling":1},"minecraft:picked_up":{"minecraft:crafting_table":1,"minecraft:pumpkin":1,"minecraft:wheat_seeds":1,"minecraft:oak_log":5,"minecraft:oak_sapling":1,"minecraft:coal":5},"minecraft:custom":{"minecraft:time_since_rest":4544,"minecraft:crouch_one_cm":265,"minecraft:play_time":4544,"minecraft:sprint_one_cm":16992,"minecraft:walk_one_cm":6079,"minecraft:sneak_time":77,"minecraft:drop":2,"minecraft:jump":79,"minecraft:damage_dealt":50,"minecraft:time_since_death":4544,"minecraft:total_world_time":4544,"minecraft:interact_with_crafting_table":1,"minecraft:fall_one_cm":2626,"minecraft:fly_one_cm":20522},"minecraft:crafted":{"minecraft:oak_planks":20,"minecraft:crafting_table":1,"minecraft:stick":8,"minecraft:wooden_pickaxe":1},"minecraft:used":{"minecraft:crafting_table":1,"minecraft:wooden_pickaxe":10},"minecraft:mined":{"minecraft:grass":8,"minecraft:coal_ore":7,"minecraft:grass_block":1,"minecraft:oak_log":8,"minecraft:tall_grass":5,"minecraft:pumpkin":1,"minecraft:crafting_table":1,"minecraft:oak_leaves":2}},"DataVersion":3120}