{"stats":{"minecraft:dropped":{"minecraft:iron_sword":1,"minecraft:wheat_seeds":3,"minecraft:string":1,"minecraft:rotten_flesh":18,"minecraft:oak_planks":3,"minecraft:shield":1,"minecraft:spruce_planks":1,"minecraft:andesite":1,"minecraft:oak_sapling":1,"minecraft:wooden_pickaxe":1},"minecraft:killed_by":{"minecraft:creeper":1,"minecraft:cave_spider":1,"minecraft:skeleton":1},"minecraft:killed":{"minecraft:spider":2,"minecraft:skeleton":2,"minecraft:chicken":28,"minecraft:pig":14,"minecraft:salmon":33,"minecraft:creeper":1,"minecraft:sheep":2,"minecraft:zombie":10,"minecraft:cow":8},"minecraft:custom":{"minecraft:mob_kills":105,"minecraft:interact_with_crafting_table":20,"minecraft:time_since_death":103862,"minecraft:sprint_one_cm":563414,"minecraft:walk_one_cm":334420,"minecraft:drop":17,"minecraft:talked_to_villager":1,"minecraft:play_time":148166,"minecraft:deaths":5,"minecraft:sneak_time":5168,"minecraft:walk_under_water_one_cm":15220,"minecraft:jump":3708,"minecraft:walk_on_water_one_cm":29966,"minecraft:total_world_time":148166,"minecraft:interact_with_furnace":106,"minecraft:interact_with_stonecutter":1,"minecraft:sleep_in_bed":4,"minecraft:time_since_rest":3876,"minecraft:damage_taken":3595,"minecraft:damage_dealt":7378,"minecraft:fly_one_cm":583057,"minecraft:swim_one_cm":86289,"minecraft:open_chest":10,"minecraft:crouch_one_cm":9379,"minecraft:fall_one_cm":129215},"minecraft:picked_up":{"minecraft:crafting_table":6,"minecraft:iron_chestplate":1,"minecraft:chicken":37,"minecraft:wooden_pickaxe":2,"minecraft:string":61,"minecraft:raw_copper":2,"minecraft:iron_leggings":1,"minecraft:cobbled_deepslate":80,"minecraft:beef":13,"minecraft:iron_pickaxe":1,"minecraft:sugar_cane":31,"minecraft:egg":4,"minecraft:furnace":11,"minecraft:iron_boots":1,"minecraft:stick":16,"minecraft:raw_iron":187,"minecraft:torch":92,"minecraft:porkchop":39,"minecraft:pointed_dripstone":2,"minecraft:stone_sword":1,"minecraft:arrow":3,"minecraft:rotten_flesh":20,"minecraft:glow_berries":1,"minecraft:mutton":6,"minecraft:white_wool":4,"minecraft:cobblestone":242,"minecraft:feather":40,"minecraft:cooked_beef":13,"minecraft:andesite":6,"minecraft:water_bucket":1,"minecraft:salmon":19,"minecraft:leather":9,"minecraft:potato":5,"minecraft:flint":1,"minecraft:tuff":10,"minecraft:oak_log":25,"minecraft:yellow_bed":2,"minecraft:gunpowder":2,"minecraft:dirt":19,"minecraft:cooked_mutton":1,"minecraft:bone":8,"minecraft:apple":4,"minecraft:wheat_seeds":6,"minecraft:raw_gold":16,"minecraft:bell":1,"minecraft:stone_pickaxe":2,"minecraft:iron_ingot":9,"minecraft:cooked_chicken":5,"minecraft:oak_planks":30,"minecraft:iron_sword":1,"minecraft:pumpkin":2,"minecraft:sweet_berries":2,"minecraft:gravel":1,"minecraft:dripstone_block":3,"minecraft:white_bed":1,"minecraft:spruce_log":24,"minecraft:spider_eye":2,"minecraft:diamond":3,"minecraft:stone_axe":1,"minecraft:iron_helmet":1,"minecraft:granite":4,"minecraft:bone_meal":3,"minecraft:oak_sapling":1,"minecraft:coal":177},"minecraft:crafted":{"minecraft:oak_planks":100,"minecraft:cooked_chicken":19,"minecraft:furnace":2,"minecraft:iron_boots":1,"minecraft:iron_axe":1,"minecraft:stone_pickaxe":2,"minecraft:cooked_beef":4,"minecraft:cooked_porkchop":35,"minecraft:crafting_table":2,"minecraft:spruce_planks":20,"minecraft:wooden_pickaxe":2,"minecraft:iron_helmet":1,"minecraft:iron_sword":2,"minecraft:cooked_salmon":18,"minecraft:bucket":1,"minecraft:stone_axe":1,"minecraft:air":0,"minecraft:iron_chestplate":1,"minecraft:shield":2,"minecraft:stick":36,"minecraft:iron_ingot":62,"minecraft:iron_pickaxe":2,"minecraft:stone_sword":2,"minecraft:iron_leggings":1,"minecraft:white_bed":1,"minecraft:torch":60},"minecraft:broken":{"minecraft:stone_pickaxe":1,"minecraft:iron_sword":1,"minecraft:iron_pickaxe":1},"minecraft:used":{"minecraft:stone_sword":95,"minecraft:iron_sword":328,"minecraft:cooked_chicken":15,"minecraft:iron_chestplate":1,"minecraft:torch":46,"minecraft:dirt":19,"minecraft:tuff":10,"minecraft:granite":3,"minecraft:iron_axe":24,"minecraft:iron_helmet":2,"minecraft:iron_boots":2,"minecraft:sweet_berries":2,"minecraft:furnace":8,"minecraft:cooked_beef":4,"minecraft:potato":7,"minecraft:cobbled_deepslate":77,"minecraft:iron_leggings":1,"minecraft:cooked_mutton":1,"minecraft:water_bucket":5,"minecraft:stone_pickaxe":315,"minecraft:oak_planks":6,"minecraft:wooden_pickaxe":43,"minecraft:white_wool":2,"minecraft:glow_berries":1,"minecraft:crafting_table":5,"minecraft:white_bed":1,"minecraft:dripstone_block":3,"minecraft:spruce_log":2,"minecraft:chicken":2,"minecraft:bread":7,"minecraft:iron_pickaxe":283,"minecraft:gravel":1,"minecraft:stone_axe":5,"minecraft:cobblestone":74,"minecraft:cooked_porkchop":13,"minecraft:andesite":5,"minecraft:bucket":5},"minecraft:mined":{"minecraft:tuff":10,"minecraft:white_bed":1,"minecraft:deepslate_diamond_ore":1,"minecraft:sculk_vein":10,"minecraft:granite":6,"minecraft:grass_block":2,"minecraft:spruce_leaves":19,"minecraft:spawner":1,"minecraft:large_fern":2,"minecraft:tall_seagrass":3,"minecraft:furnace":8,"minecraft:iron_ore":105,"minecraft:andesite":6,"minecraft:pumpkin":1,"minecraft:pointed_dripstone":1,"minecraft:cave_vines":1,"minecraft:deepslate_iron_ore":59,"minecraft:stone":201,"minecraft:glass_pane":1,"minecraft:crafting_table":5,"minecraft:torch":7,"minecraft:cobblestone":12,"minecraft:tall_grass":6,"minecraft:oak_planks":2,"minecraft:sculk":29,"minecraft:wall_torch":5,"minecraft:seagrass":4,"minecraft:sweet_berry_bush":3,"minecraft:spruce_log":22,"minecraft:birch_leaves":1,"minecraft:yellow_bed":1,"minecraft:grass":38,"minecraft:oak_log":28,"minecraft:coal_ore":102,"minecraft:gravel":3,"minecraft:dripstone_block":1,"minecraft:dirt":7,"minecraft:cobweb":59,"minecraft:oak_leaves":6,"minecraft:deepslate":84,"minecraft:fern":4}},"DataVersion":3120}