{"stats":{"minecraft:killed":{"minecraft:spider":2,"minecraft:skeleton":2,"minecraft:chicken":26,"minecraft:pig":10,"minecraft:salmon":27,"minecraft:creeper":1,"minecraft:sheep":2,"minecraft:zombie":10,"minecraft:cow":7},"minecraft:picked_up":{"minecraft:crafting_table":6,"minecraft:iron_chestplate":1,"minecraft:chicken":35,"minecraft:wooden_pickaxe":2,"minecraft:string":61,"minecraft:raw_copper":2,"minecraft:iron_leggings":1,"minecraft:cobbled_deepslate":80,"minecraft:beef":12,"minecraft:iron_pickaxe":1,"minecraft:sugar_cane":31,"minecraft:egg":3,"minecraft:iron_boots":1,"minecraft:furnace":11,"minecraft:raw_iron":187,"minecraft:stick":16,"minecraft:torch":92,"minecraft:porkchop":28,"minecraft:pointed_dripstone":2,"minecraft:stone_sword":1,"minecraft:arrow":3,"minecraft:rotten_flesh":20,"minecraft:glow_berries":1,"minecraft:mutton":6,"minecraft:white_wool":4,"minecraft:cobblestone":242,"minecraft:feather":39,"minecraft:cooked_beef":13,"minecraft:salmon":17,"minecraft:water_bucket":1,"minecraft:andesite":6,"minecraft:leather":8,"minecraft:potato":5,"minecraft:flint":1,"minecraft:tuff":10,"minecraft:oak_log":25,"minecraft:yellow_bed":2,"minecraft:gunpowder":2,"minecraft:dirt":19,"minecraft:cooked_mutton":1,"minecraft:bone":8,"minecraft:apple":4,"minecraft:wheat_seeds":6,"minecraft:raw_gold":16,"minecraft:bell":1,"minecraft:stone_pickaxe":2,"minecraft:iron_ingot":9,"minecraft:cooked_chicken":5,"minecraft:oak_planks":30,"minecraft:pumpkin":2,"minecraft:sweet_berries":2,"minecraft:gravel":1,"minecraft:dripstone_block":3,"minecraft:spruce_log":24,"minecraft:spider_eye":2,"minecraft:diamond":3,"minecraft:stone_axe":1,"minecraft:iron_helmet":1,"minecraft:granite":4,"minecraft:bone_meal":3,"minecraft:oak_sapling":1,"minecraft:coal":177},"minecraft:broken":{"minecraft:stone_pickaxe":1,"minecraft:iron_sword":1,"minecraft:iron_pickaxe":1},"minecraft:used":{"minecraft:stone_sword":95,"minecraft:iron_sword":278,"minecraft:cooked_chicken":13,"minecraft:iron_chestplate":1,"minecraft:torch":46,"minecraft:dirt":12,"minecraft:tuff":10,"minecraft:granite":3,"minecraft:iron_axe":24,"minecraft:iron_helmet":2,"minecraft:iron_boots":2,"minecraft:sweet_berries":2,"minecraft:furnace":8,"minecraft:cooked_beef":3,"minecraft:potato":7,"minecraft:cobbled_deepslate":77,"minecraft:iron_leggings":1,"minecraft:cooked_mutton":1,"minecraft:water_bucket":5,"minecraft:stone_pickaxe":315,"minecraft:oak_planks":6,"minecraft:wooden_pickaxe":43,"minecraft:white_wool":2,"minecraft:glow_berries":1,"minecraft:crafting_table":5,"minecraft:dripstone_block":3,"minecraft:chicken":2,"minecraft:bread":7,"minecraft:iron_pickaxe":283,"minecraft:gravel":1,"minecraft:stone_axe":5,"minecraft:cobblestone":74,"minecraft:cooked_porkchop":12,"minecraft:bucket":5,"minecraft:andesite":5},"minecraft:mined":{"minecraft:tuff":10,"minecraft:deepslate_diamond_ore":1,"minecraft:sculk_vein":10,"minecraft:granite":6,"minecraft:grass_block":2,"minecraft:spruce_leaves":15,"minecraft:spawner":1,"minecraft:large_fern":2,"minecraft:tall_seagrass":3,"minecraft:furnace":8,"minecraft:iron_ore":105,"minecraft:andesite":6,"minecraft:pumpkin":1,"minecraft:pointed_dripstone":1,"minecraft:cave_vines":1,"minecraft:deepslate_iron_ore":59,"minecraft:stone":201,"minecraft:glass_pane":1,"minecraft:crafting_table":5,"minecraft:torch":7,"minecraft:cobblestone":12,"minecraft:tall_grass":6,"minecraft:oak_planks":2,"minecraft:sculk":29,"minecraft:wall_torch":5,"minecraft:seagrass":4,"minecraft:sweet_berry_bush":1,"minecraft:spruce_log":22,"minecraft:birch_leaves":1,"minecraft:yellow_bed":1,"minecraft:grass":37,"minecraft:oak_log":28,"minecraft:coal_ore":102,"minecraft:gravel":3,"minecraft:dripstone_block":1,"minecraft:dirt":7,"minecraft:cobweb":59,"minecraft:oak_leaves":6,"minecraft:deepslate":84,"minecraft:fern":4},"minecraft:killed_by":{"minecraft:creeper":1,"minecraft:cave_spider":1,"minecraft:skeleton":1},"minecraft:crafted":{"minecraft:oak_planks":100,"minecraft:cooked_chicken":17,"minecraft:furnace":2,"minecraft:iron_boots":1,"minecraft:iron_axe":1,"minecraft:stone_pickaxe":2,"minecraft:cooked_beef":3,"minecraft:cooked_porkchop":18,"minecraft:crafting_table":2,"minecraft:spruce_planks":16,"minecraft:wooden_pickaxe":2,"minecraft:iron_helmet":1,"minecraft:iron_sword":2,"minecraft:bucket":1,"minecraft:stone_axe":1,"minecraft:air":0,"minecraft:iron_chestplate":1,"minecraft:shield":2,"minecraft:stick":36,"minecraft:iron_ingot":62,"minecraft:iron_pickaxe":2,"minecraft:stone_sword":2,"minecraft:iron_leggings":1,"minecraft:torch":60},"minecraft:custom":{"minecraft:mob_kills":91,"minecraft:interact_with_crafting_table":19,"minecraft:time_since_death":89724,"minecraft:sprint_one_cm":490743,"minecraft:walk_one_cm":310570,"minecraft:drop":15,"minecraft:talked_to_villager":1,"minecraft:play_time":134028,"minecraft:deaths":5,"minecraft:sneak_time":5074,"minecraft:walk_under_water_one_cm":11213,"minecraft:jump":3339,"minecraft:walk_on_water_one_cm":25007,"minecraft:total_world_time":134028,"minecraft:interact_with_furnace":80,"minecraft:interact_with_stonecutter":1,"minecraft:sleep_in_bed":2,"minecraft:time_since_rest":89792,"minecraft:damage_taken":3501,"minecraft:damage_dealt":6587,"minecraft:fly_one_cm":513893,"minecraft:swim_one_cm":66010,"minecraft:open_chest":5,"minecraft:crouch_one_cm":9068,"minecraft:fall_one_cm":121358},"minecraft:dropped":{"minecraft:wheat_seeds":3,"minecraft:string":1,"minecraft:rotten_flesh":18,"minecraft:oak_planks":3,"minecraft:shield":1,"minecraft:andesite":1,"minecraft:oak_sapling":1,"minecraft:wooden_pickaxe":1}},"DataVersion":3120}