{"stats":{"minecraft:killed":{"minecraft:spider":2,"minecraft:skeleton":2,"minecraft:chicken":20,"minecraft:pig":7,"minecraft:creeper":1,"minecraft:sheep":2,"minecraft:zombie":10,"minecraft:cow":5},"minecraft:picked_up":{"minecraft:crafting_table":6,"minecraft:iron_chestplate":1,"minecraft:chicken":29,"minecraft:wooden_pickaxe":2,"minecraft:string":61,"minecraft:raw_copper":2,"minecraft:iron_leggings":1,"minecraft:cobbled_deepslate":80,"minecraft:beef":10,"minecraft:iron_pickaxe":1,"minecraft:sugar_cane":31,"minecraft:egg":1,"minecraft:iron_boots":1,"minecraft:furnace":10,"minecraft:raw_iron":187,"minecraft:stick":16,"minecraft:torch":92,"minecraft:porkchop":16,"minecraft:pointed_dripstone":2,"minecraft:stone_sword":1,"minecraft:arrow":3,"minecraft:rotten_flesh":20,"minecraft:glow_berries":1,"minecraft:mutton":6,"minecraft:white_wool":4,"minecraft:cobblestone":222,"minecraft:feather":39,"minecraft:cooked_beef":13,"minecraft:water_bucket":1,"minecraft:andesite":5,"minecraft:leather":4,"minecraft:potato":5,"minecraft:flint":1,"minecraft:tuff":10,"minecraft:oak_log":25,"minecraft:yellow_bed":2,"minecraft:gunpowder":2,"minecraft:dirt":19,"minecraft:cooked_mutton":1,"minecraft:bone":8,"minecraft:apple":4,"minecraft:wheat_seeds":6,"minecraft:raw_gold":16,"minecraft:bell":1,"minecraft:stone_pickaxe":2,"minecraft:iron_ingot":9,"minecraft:cooked_chicken":5,"minecraft:oak_planks":30,"minecraft:pumpkin":2,"minecraft:sweet_berries":2,"minecraft:gravel":1,"minecraft:dripstone_block":3,"minecraft:spruce_log":24,"minecraft:spider_eye":2,"minecraft:diamond":3,"minecraft:stone_axe":1,"minecraft:iron_helmet":1,"minecraft:granite":4,"minecraft:oak_sapling":1,"minecraft:coal":173},"minecraft:broken":{"minecraft:stone_pickaxe":1,"minecraft:iron_pickaxe":1},"minecraft:used":{"minecraft:stone_sword":95,"minecraft:iron_sword":158,"minecraft:cooked_chicken":11,"minecraft:iron_chestplate":1,"minecraft:torch":46,"minecraft:dirt":12,"minecraft:tuff":10,"minecraft:granite":3,"minecraft:iron_axe":24,"minecraft:iron_helmet":2,"minecraft:iron_boots":2,"minecraft:sweet_berries":2,"minecraft:furnace":7,"minecraft:cooked_beef":3,"minecraft:potato":7,"minecraft:cobbled_deepslate":77,"minecraft:iron_leggings":1,"minecraft:cooked_mutton":1,"minecraft:water_bucket":5,"minecraft:stone_pickaxe":315,"minecraft:oak_planks":6,"minecraft:wooden_pickaxe":43,"minecraft:white_wool":2,"minecraft:glow_berries":1,"minecraft:crafting_table":5,"minecraft:dripstone_block":3,"minecraft:chicken":2,"minecraft:bread":7,"minecraft:iron_pickaxe":257,"minecraft:gravel":1,"minecraft:stone_axe":5,"minecraft:cobblestone":51,"minecraft:cooked_porkchop":11,"minecraft:bucket":5,"minecraft:andesite":5},"minecraft:mined":{"minecraft:tuff":10,"minecraft:deepslate_diamond_ore":1,"minecraft:sculk_vein":10,"minecraft:granite":6,"minecraft:grass_block":2,"minecraft:spruce_leaves":10,"minecraft:spawner":1,"minecraft:furnace":7,"minecraft:iron_ore":105,"minecraft:andesite":5,"minecraft:pumpkin":1,"minecraft:pointed_dripstone":1,"minecraft:cave_vines":1,"minecraft:deepslate_iron_ore":59,"minecraft:stone":181,"minecraft:glass_pane":1,"minecraft:crafting_table":5,"minecraft:torch":7,"minecraft:cobblestone":12,"minecraft:tall_grass":6,"minecraft:oak_planks":2,"minecraft:sculk":29,"minecraft:wall_torch":5,"minecraft:sweet_berry_bush":1,"minecraft:spruce_log":22,"minecraft:yellow_bed":1,"minecraft:grass":36,"minecraft:oak_log":28,"minecraft:coal_ore":98,"minecraft:gravel":3,"minecraft:dripstone_block":1,"minecraft:dirt":7,"minecraft:cobweb":59,"minecraft:oak_leaves":5,"minecraft:deepslate":84},"minecraft:killed_by":{"minecraft:creeper":1,"minecraft:cave_spider":1,"minecraft:skeleton":1},"minecraft:crafted":{"minecraft:oak_planks":100,"minecraft:cooked_chicken":11,"minecraft:furnace":2,"minecraft:iron_boots":1,"minecraft:iron_axe":1,"minecraft:stone_pickaxe":2,"minecraft:cooked_beef":1,"minecraft:cooked_porkchop":12,"minecraft:crafting_table":2,"minecraft:spruce_planks":16,"minecraft:wooden_pickaxe":2,"minecraft:iron_helmet":1,"minecraft:iron_sword":2,"minecraft:bucket":1,"minecraft:stone_axe":1,"minecraft:air":0,"minecraft:iron_chestplate":1,"minecraft:shield":2,"minecraft:stick":36,"minecraft:iron_ingot":62,"minecraft:iron_pickaxe":2,"minecraft:stone_sword":2,"minecraft:iron_leggings":1,"minecraft:torch":60},"minecraft:custom":{"minecraft:mob_kills":50,"minecraft:interact_with_crafting_table":19,"minecraft:time_since_death":77724,"minecraft:sprint_one_cm":445336,"minecraft:walk_one_cm":292792,"minecraft:drop":13,"minecraft:talked_to_villager":1,"minecraft:play_time":122028,"minecraft:deaths":5,"minecraft:sneak_time":5074,"minecraft:walk_under_water_one_cm":3205,"minecraft:jump":3170,"minecraft:walk_on_water_one_cm":17722,"minecraft:total_world_time":122028,"minecraft:interact_with_furnace":71,"minecraft:interact_with_stonecutter":1,"minecraft:sleep_in_bed":2,"minecraft:time_since_rest":77792,"minecraft:damage_taken":3365,"minecraft:damage_dealt":4797,"minecraft:fly_one_cm":492134,"minecraft:swim_one_cm":13193,"minecraft:open_chest":5,"minecraft:crouch_one_cm":9068,"minecraft:fall_one_cm":119769},"minecraft:dropped":{"minecraft:wheat_seeds":3,"minecraft:string":1,"minecraft:rotten_flesh":16,"minecraft:oak_planks":3,"minecraft:shield":1,"minecraft:oak_sapling":1,"minecraft:wooden_pickaxe":1}},"DataVersion":3120}