{"stats":{"minecraft:dropped":{"minecraft:iron_sword":1,"minecraft:wheat_seeds":3,"minecraft:glow_ink_sac":4,"minecraft:string":1,"minecraft:rotten_flesh":21,"minecraft:oak_planks":3,"minecraft:shield":1,"minecraft:spruce_planks":1,"minecraft:andesite":1,"minecraft:oak_sapling":1,"minecraft:spider_eye":1,"minecraft:wooden_pickaxe":1},"minecraft:killed_by":{"minecraft:creeper":1,"minecraft:cave_spider":1,"minecraft:skeleton":1},"minecraft:killed":{"minecraft:spider":3,"minecraft:skeleton":3,"minecraft:chicken":37,"minecraft:wolf":1,"minecraft:pig":28,"minecraft:zombie_villager":1,"minecraft:salmon":33,"minecraft:creeper":3,"minecraft:sheep":2,"minecraft:pillager":4,"minecraft:zombie":14,"minecraft:cow":15},"minecraft:custom":{"minecraft:mob_kills":170,"minecraft:interact_with_crafting_table":25,"minecraft:time_since_death":181862,"minecraft:climb_one_cm":54,"minecraft:sprint_one_cm":864630,"minecraft:walk_one_cm":502177,"minecraft:damage_blocked_by_shield":410,"minecraft:drop":22,"minecraft:talked_to_villager":1,"minecraft:play_time":226166,"minecraft:deaths":5,"minecraft:sneak_time":5799,"minecraft:walk_under_water_one_cm":21741,"minecraft:jump":6145,"minecraft:walk_on_water_one_cm":47816,"minecraft:total_world_time":226166,"minecraft:interact_with_furnace":123,"minecraft:interact_with_stonecutter":1,"minecraft:sleep_in_bed":4,"minecraft:time_since_rest":81876,"minecraft:damage_taken":6458,"minecraft:damage_dealt":14947,"minecraft:fly_one_cm":918654,"minecraft:swim_one_cm":111979,"minecraft:open_chest":11,"minecraft:crouch_one_cm":11132,"minecraft:fall_one_cm":208145},"minecraft:picked_up":{"minecraft:crafting_table":9,"minecraft:iron_chestplate":1,"minecraft:chicken":44,"minecraft:wooden_pickaxe":2,"minecraft:string":62,"minecraft:raw_copper":2,"minecraft:iron_leggings":1,"minecraft:cobbled_deepslate":111,"minecraft:beef":27,"minecraft:poppy":2,"minecraft:iron_pickaxe":1,"minecraft:sugar_cane":31,"minecraft:birch_sapling":1,"minecraft:egg":6,"minecraft:furnace":13,"minecraft:iron_boots":1,"minecraft:stick":17,"minecraft:raw_iron":325,"minecraft:torch":96,"minecraft:porkchop":63,"minecraft:pointed_dripstone":2,"minecraft:stone_sword":1,"minecraft:arrow":8,"minecraft:rotten_flesh":35,"minecraft:glow_berries":1,"minecraft:mutton":6,"minecraft:white_wool":4,"minecraft:cobblestone":286,"minecraft:feather":52,"minecraft:cooked_beef":13,"minecraft:glow_ink_sac":4,"minecraft:andesite":9,"minecraft:water_bucket":1,"minecraft:salmon":19,"minecraft:leather":15,"minecraft:potato":5,"minecraft:birch_planks":2,"minecraft:flint":1,"minecraft:tuff":19,"minecraft:oak_log":25,"minecraft:yellow_bed":2,"minecraft:gunpowder":4,"minecraft:dirt":19,"minecraft:cooked_mutton":1,"minecraft:bone":9,"minecraft:apple":4,"minecraft:bow":1,"minecraft:wheat_seeds":10,"minecraft:raw_gold":16,"minecraft:rabbit_hide":1,"minecraft:bell":1,"minecraft:stone_pickaxe":2,"minecraft:iron_ingot":9,"minecraft:cooked_chicken":5,"minecraft:oak_planks":30,"minecraft:iron_sword":1,"minecraft:pumpkin":2,"minecraft:sweet_berries":2,"minecraft:gravel":1,"minecraft:dripstone_block":3,"minecraft:white_bed":1,"minecraft:spruce_log":24,"minecraft:spider_eye":3,"minecraft:diamond":3,"minecraft:stone_axe":1,"minecraft:iron_helmet":1,"minecraft:granite":5,"minecraft:bone_meal":3,"minecraft:oak_sapling":1,"minecraft:coal":319},"minecraft:crafted":{"minecraft:oak_planks":100,"minecraft:cooked_chicken":26,"minecraft:furnace":3,"minecraft:iron_boots":1,"minecraft:iron_axe":1,"minecraft:stone_pickaxe":2,"minecraft:cooked_beef":9,"minecraft:cooked_porkchop":59,"minecraft:crafting_table":2,"minecraft:spruce_planks":28,"minecraft:wooden_pickaxe":2,"minecraft:iron_helmet":1,"minecraft:iron_sword":3,"minecraft:cooked_salmon":18,"minecraft:bucket":1,"minecraft:stone_axe":1,"minecraft:air":0,"minecraft:iron_chestplate":1,"minecraft:shield":2,"minecraft:stick":60,"minecraft:iron_ingot":74,"minecraft:iron_pickaxe":4,"minecraft:stone_sword":2,"minecraft:iron_leggings":1,"minecraft:white_bed":1,"minecraft:torch":160},"minecraft:broken":{"minecraft:stone_pickaxe":2,"minecraft:iron_sword":3,"minecraft:iron_pickaxe":2},"minecraft:used":{"minecraft:stone_sword":95,"minecraft:spruce_planks":14,"minecraft:shield":11,"minecraft:iron_sword":739,"minecraft:cooked_salmon":18,"minecraft:cooked_chicken":17,"minecraft:iron_chestplate":1,"minecraft:torch":124,"minecraft:dirt":19,"minecraft:tuff":10,"minecraft:granite":4,"minecraft:iron_axe":32,"minecraft:iron_helmet":2,"minecraft:iron_boots":2,"minecraft:bow":5,"minecraft:sweet_berries":2,"minecraft:furnace":10,"minecraft:cooked_beef":7,"minecraft:potato":7,"minecraft:cobbled_deepslate":108,"minecraft:iron_leggings":1,"minecraft:cooked_mutton":1,"minecraft:water_bucket":5,"minecraft:stone_pickaxe":348,"minecraft:oak_planks":6,"minecraft:wooden_pickaxe":43,"minecraft:white_wool":2,"minecraft:glow_berries":1,"minecraft:crafting_table":8,"minecraft:white_bed":1,"minecraft:dripstone_block":3,"minecraft:spruce_log":2,"minecraft:chicken":2,"minecraft:bread":7,"minecraft:iron_pickaxe":580,"minecraft:gravel":1,"minecraft:stone_axe":5,"minecraft:cobblestone":110,"minecraft:cooked_porkchop":27,"minecraft:andesite":8,"minecraft:bucket":6},"minecraft:mined":{"minecraft:tuff":19,"minecraft:white_bed":1,"minecraft:deepslate_diamond_ore":1,"minecraft:sculk_vein":10,"minecraft:glow_lichen":1,"minecraft:granite":7,"minecraft:grass_block":2,"minecraft:spruce_leaves":26,"minecraft:spawner":1,"minecraft:large_fern":2,"minecraft:tall_seagrass":3,"minecraft:furnace":10,"minecraft:iron_ore":226,"minecraft:andesite":9,"minecraft:pumpkin":1,"minecraft:pointed_dripstone":1,"minecraft:cave_vines":1,"minecraft:deepslate_iron_ore":79,"minecraft:stone":244,"minecraft:glass_pane":1,"minecraft:powder_snow":4,"minecraft:crafting_table":8,"minecraft:torch":8,"minecraft:poppy":2,"minecraft:cobblestone":14,"minecraft:tall_grass":12,"minecraft:oak_planks":2,"minecraft:sculk":29,"minecraft:wall_torch":5,"minecraft:seagrass":4,"minecraft:birch_planks":2,"minecraft:sweet_berry_bush":3,"minecraft:spruce_log":22,"minecraft:birch_leaves":4,"minecraft:bee_nest":1,"minecraft:yellow_bed":1,"minecraft:grass":88,"minecraft:oak_log":28,"minecraft:coal_ore":192,"minecraft:gravel":3,"minecraft:dripstone_block":1,"minecraft:dirt":8,"minecraft:cobweb":59,"minecraft:oak_leaves":20,"minecraft:deepslate":122,"minecraft:fern":5}},"DataVersion":3120}