{"stats":{"minecraft:dropped":{"minecraft:wheat_seeds":3,"minecraft:rotten_flesh":2,"minecraft:oak_sapling":1,"minecraft:string":1},"minecraft:killed_by":{"minecraft:cave_spider":1,"minecraft:skeleton":1,"minecraft:creeper":1},"minecraft:killed":{"minecraft:pig":3,"minecraft:creeper":1,"minecraft:sheep":2,"minecraft:skeleton":1,"minecraft:chicken":17,"minecraft:cow":5},"minecraft:custom":{"minecraft:interact_with_furnace":25,"minecraft:mob_kills":29,"minecraft:interact_with_crafting_table":14,"minecraft:interact_with_stonecutter":1,"minecraft:time_since_death":20240,"minecraft:sleep_in_bed":2,"minecraft:time_since_rest":20308,"minecraft:sprint_one_cm":306248,"minecraft:damage_taken":1899,"minecraft:walk_one_cm":134478,"minecraft:drop":7,"minecraft:damage_dealt":2066,"minecraft:swim_one_cm":9640,"minecraft:talked_to_villager":1,"minecraft:fly_one_cm":331850,"minecraft:open_chest":3,"minecraft:crouch_one_cm":5295,"minecraft:play_time":64544,"minecraft:deaths":5,"minecraft:sneak_time":2493,"minecraft:walk_under_water_one_cm":1066,"minecraft:jump":1629,"minecraft:walk_on_water_one_cm":10524,"minecraft:total_world_time":64544,"minecraft:fall_one_cm":74593},"minecraft:picked_up":{"minecraft:iron_chestplate":1,"minecraft:crafting_table":6,"minecraft:feather":36,"minecraft:cooked_beef":13,"minecraft:chicken":26,"minecraft:water_bucket":1,"minecraft:leather":4,"minecraft:wooden_pickaxe":2,"minecraft:potato":5,"minecraft:tuff":6,"minecraft:oak_log":25,"minecraft:yellow_bed":2,"minecraft:gunpowder":2,"minecraft:string":1,"minecraft:raw_copper":2,"minecraft:iron_leggings":1,"minecraft:bone":8,"minecraft:apple":4,"minecraft:wheat_seeds":6,"minecraft:cobbled_deepslate":21,"minecraft:raw_gold":16,"minecraft:bell":1,"minecraft:iron_ingot":3,"minecraft:stone_pickaxe":2,"minecraft:beef":10,"minecraft:cooked_chicken":5,"minecraft:iron_pickaxe":1,"minecraft:sugar_cane":31,"minecraft:oak_planks":27,"minecraft:iron_boots":1,"minecraft:furnace":6,"minecraft:egg":1,"minecraft:stick":16,"minecraft:raw_iron":72,"minecraft:pumpkin":2,"minecraft:torch":81,"minecraft:porkchop":6,"minecraft:pointed_dripstone":2,"minecraft:stone_sword":1,"minecraft:arrow":3,"minecraft:rotten_flesh":9,"minecraft:diamond":2,"minecraft:stone_axe":1,"minecraft:iron_helmet":1,"minecraft:granite":3,"minecraft:oak_sapling":1,"minecraft:mutton":6,"minecraft:coal":133,"minecraft:white_wool":4,"minecraft:cobblestone":190},"minecraft:crafted":{"minecraft:cooked_beef":1,"minecraft:oak_planks":100,"minecraft:cooked_porkchop":3,"minecraft:crafting_table":2,"minecraft:iron_helmet":1,"minecraft:wooden_pickaxe":2,"minecraft:cooked_chicken":8,"minecraft:iron_sword":1,"minecraft:furnace":2,"minecraft:bucket":1,"minecraft:stone_axe":1,"minecraft:air":0,"minecraft:iron_chestplate":1,"minecraft:iron_boots":1,"minecraft:stick":36,"minecraft:iron_ingot":28,"minecraft:iron_pickaxe":1,"minecraft:stone_pickaxe":2,"minecraft:stone_sword":2,"minecraft:torch":36},"minecraft:broken":{"minecraft:stone_pickaxe":1},"minecraft:used":{"minecraft:stone_sword":95,"minecraft:stone_pickaxe":285,"minecraft:oak_planks":6,"minecraft:wooden_pickaxe":43,"minecraft:cooked_chicken":5,"minecraft:iron_chestplate":1,"minecraft:white_wool":2,"minecraft:torch":23,"minecraft:crafting_table":5,"minecraft:granite":3,"minecraft:chicken":2,"minecraft:bread":7,"minecraft:iron_pickaxe":27,"minecraft:iron_helmet":2,"minecraft:iron_boots":2,"minecraft:stone_axe":5,"minecraft:cobblestone":22,"minecraft:furnace":3,"minecraft:cooked_beef":3,"minecraft:potato":7,"minecraft:cobbled_deepslate":15},"minecraft:mined":{"minecraft:tuff":6,"minecraft:glass_pane":1,"minecraft:sculk_vein":10,"minecraft:crafting_table":5,"minecraft:torch":1,"minecraft:granite":5,"minecraft:grass_block":1,"minecraft:tall_grass":6,"minecraft:cobblestone":12,"minecraft:oak_planks":2,"minecraft:sculk":29,"minecraft:furnace":3,"minecraft:iron_ore":27,"minecraft:pumpkin":1,"minecraft:yellow_bed":1,"minecraft:grass":33,"minecraft:coal_ore":74,"minecraft:pointed_dripstone":1,"minecraft:oak_log":28,"minecraft:deepslate_iron_ore":34,"minecraft:stone":147,"minecraft:deepslate":24,"minecraft:oak_leaves":5}},"DataVersion":3120}