{"stats":{"minecraft:dropped":{"minecraft:iron_sword":1,"minecraft:wheat_seeds":19,"minecraft:glow_ink_sac":4,"minecraft:string":1,"minecraft:rotten_flesh":21,"minecraft:oak_planks":3,"minecraft:poppy":2,"minecraft:shield":1,"minecraft:spruce_planks":1,"minecraft:andesite":1,"minecraft:oak_sapling":1,"minecraft:spider_eye":1,"minecraft:wooden_pickaxe":1},"minecraft:killed_by":{"minecraft:creeper":2,"minecraft:cave_spider":1,"minecraft:skeleton":1,"minecraft:zombie":1},"minecraft:killed":{"minecraft:spider":4,"minecraft:skeleton":4,"minecraft:chicken":37,"minecraft:wolf":1,"minecraft:pig":29,"minecraft:zombie_villager":1,"minecraft:salmon":33,"minecraft:creeper":3,"minecraft:sheep":2,"minecraft:pillager":4,"minecraft:zombie":16,"minecraft:cow":18},"minecraft:custom":{"minecraft:mob_kills":178,"minecraft:interact_with_crafting_table":25,"minecraft:leave_game":2,"minecraft:time_since_death":10216,"minecraft:climb_one_cm":54,"minecraft:sprint_one_cm":903793,"minecraft:walk_one_cm":520328,"minecraft:damage_blocked_by_shield":450,"minecraft:drop":27,"minecraft:talked_to_villager":1,"minecraft:play_time":261605,"minecraft:deaths":7,"minecraft:sneak_time":5799,"minecraft:walk_under_water_one_cm":22654,"minecraft:jump":6475,"minecraft:walk_on_water_one_cm":50929,"minecraft:total_world_time":261605,"minecraft:interact_with_furnace":123,"minecraft:interact_with_stonecutter":1,"minecraft:sleep_in_bed":4,"minecraft:time_since_rest":26288,"minecraft:damage_taken":7489,"minecraft:damage_dealt":16379,"minecraft:swim_one_cm":119155,"minecraft:fly_one_cm":990487,"minecraft:open_chest":11,"minecraft:crouch_one_cm":11132,"minecraft:fall_one_cm":221027},"minecraft:picked_up":{"minecraft:crafting_table":9,"minecraft:iron_chestplate":1,"minecraft:chicken":44,"minecraft:wooden_pickaxe":2,"minecraft:string":64,"minecraft:raw_copper":2,"minecraft:iron_leggings":1,"minecraft:cobbled_deepslate":111,"minecraft:beef":32,"minecraft:poppy":2,"minecraft:iron_pickaxe":1,"minecraft:sugar_cane":31,"minecraft:birch_sapling":1,"minecraft:furnace":13,"minecraft:egg":6,"minecraft:iron_boots":1,"minecraft:stick":17,"minecraft:raw_iron":325,"minecraft:torch":96,"minecraft:porkchop":66,"minecraft:pointed_dripstone":2,"minecraft:stone_sword":1,"minecraft:arrow":9,"minecraft:rotten_flesh":37,"minecraft:glow_berries":1,"minecraft:mutton":6,"minecraft:white_wool":4,"minecraft:cobblestone":290,"minecraft:feather":52,"minecraft:cooked_beef":13,"minecraft:andesite":9,"minecraft:glow_ink_sac":4,"minecraft:water_bucket":1,"minecraft:salmon":19,"minecraft:leather":17,"minecraft:potato":5,"minecraft:birch_planks":2,"minecraft:flint":1,"minecraft:tuff":19,"minecraft:oak_log":25,"minecraft:yellow_bed":2,"minecraft:gunpowder":4,"minecraft:dirt":19,"minecraft:cooked_mutton":1,"minecraft:bone":9,"minecraft:apple":4,"minecraft:bow":1,"minecraft:wheat_seeds":22,"minecraft:raw_gold":16,"minecraft:rabbit_hide":1,"minecraft:bell":1,"minecraft:stone_pickaxe":2,"minecraft:iron_ingot":9,"minecraft:cooked_chicken":5,"minecraft:iron_sword":1,"minecraft:oak_planks":30,"minecraft:pumpkin":2,"minecraft:sweet_berries":2,"minecraft:dripstone_block":3,"minecraft:gravel":1,"minecraft:white_bed":1,"minecraft:spruce_log":24,"minecraft:spider_eye":4,"minecraft:diamond":3,"minecraft:stone_axe":1,"minecraft:iron_helmet":1,"minecraft:granite":5,"minecraft:bone_meal":3,"minecraft:oak_sapling":1,"minecraft:coal":342},"minecraft:crafted":{"minecraft:oak_planks":100,"minecraft:cooked_chicken":26,"minecraft:furnace":3,"minecraft:iron_boots":1,"minecraft:iron_axe":1,"minecraft:stone_pickaxe":2,"minecraft:cooked_beef":9,"minecraft:cooked_porkchop":59,"minecraft:crafting_table":2,"minecraft:spruce_planks":40,"minecraft:wooden_pickaxe":2,"minecraft:iron_helmet":1,"minecraft:iron_sword":3,"minecraft:cooked_salmon":18,"minecraft:bucket":1,"minecraft:stone_axe":1,"minecraft:air":0,"minecraft:iron_chestplate":1,"minecraft:shield":2,"minecraft:stick":84,"minecraft:iron_ingot":74,"minecraft:iron_pickaxe":4,"minecraft:stone_sword":2,"minecraft:iron_leggings":1,"minecraft:white_bed":1,"minecraft:torch":198},"minecraft:broken":{"minecraft:stone_pickaxe":2,"minecraft:iron_sword":3,"minecraft:iron_pickaxe":2},"minecraft:used":{"minecraft:stone_sword":95,"minecraft:spruce_planks":14,"minecraft:shield":12,"minecraft:iron_sword":790,"minecraft:cooked_salmon":18,"minecraft:cooked_chicken":19,"minecraft:iron_chestplate":1,"minecraft:torch":141,"minecraft:dirt":19,"minecraft:tuff":10,"minecraft:granite":4,"minecraft:iron_axe":32,"minecraft:iron_helmet":2,"minecraft:iron_boots":2,"minecraft:bow":6,"minecraft:sweet_berries":2,"minecraft:furnace":10,"minecraft:cooked_beef":11,"minecraft:potato":7,"minecraft:cobbled_deepslate":108,"minecraft:iron_leggings":1,"minecraft:cooked_mutton":1,"minecraft:water_bucket":5,"minecraft:stone_pickaxe":348,"minecraft:oak_planks":6,"minecraft:wooden_pickaxe":43,"minecraft:white_wool":2,"minecraft:glow_berries":1,"minecraft:crafting_table":8,"minecraft:white_bed":1,"minecraft:dripstone_block":3,"minecraft:spruce_log":2,"minecraft:chicken":2,"minecraft:bread":7,"minecraft:iron_pickaxe":607,"minecraft:gravel":1,"minecraft:stone_axe":5,"minecraft:cobblestone":110,"minecraft:cooked_porkchop":27,"minecraft:andesite":8,"minecraft:bucket":6},"minecraft:mined":{"minecraft:tuff":19,"minecraft:white_bed":1,"minecraft:deepslate_diamond_ore":1,"minecraft:sculk_vein":10,"minecraft:glow_lichen":1,"minecraft:granite":7,"minecraft:grass_block":2,"minecraft:spruce_leaves":26,"minecraft:spawner":1,"minecraft:large_fern":2,"minecraft:tall_seagrass":3,"minecraft:furnace":10,"minecraft:iron_ore":226,"minecraft:andesite":10,"minecraft:pumpkin":1,"minecraft:pointed_dripstone":1,"minecraft:cave_vines":1,"minecraft:deepslate_iron_ore":79,"minecraft:stone":248,"minecraft:glass_pane":1,"minecraft:powder_snow":4,"minecraft:crafting_table":8,"minecraft:torch":8,"minecraft:poppy":2,"minecraft:cobblestone":14,"minecraft:tall_grass":12,"minecraft:oak_planks":2,"minecraft:sculk":29,"minecraft:wall_torch":5,"minecraft:seagrass":4,"minecraft:birch_planks":2,"minecraft:sweet_berry_bush":3,"minecraft:spruce_log":22,"minecraft:birch_leaves":4,"minecraft:bee_nest":1,"minecraft:yellow_bed":1,"minecraft:grass":93,"minecraft:oak_log":28,"minecraft:coal_ore":214,"minecraft:gravel":3,"minecraft:dripstone_block":1,"minecraft:dirt":8,"minecraft:cobweb":59,"minecraft:oak_leaves":20,"minecraft:deepslate":122,"minecraft:fern":5}},"DataVersion":3120}