{"stats":{"minecraft:dropped":{"minecraft:wheat_seeds":1,"minecraft:oak_sapling":1,"minecraft:string":1},"minecraft:killed_by":{"minecraft:skeleton":1},"minecraft:killed":{"minecraft:pig":2,"minecraft:creeper":1,"minecraft:sheep":2,"minecraft:skeleton":1,"minecraft:chicken":14,"minecraft:cow":4},"minecraft:custom":{"minecraft:interact_with_furnace":3,"minecraft:mob_kills":24,"minecraft:interact_with_crafting_table":4,"minecraft:interact_with_stonecutter":1,"minecraft:time_since_death":1201,"minecraft:sleep_in_bed":2,"minecraft:time_since_rest":1232,"minecraft:sprint_one_cm":163557,"minecraft:damage_taken":665,"minecraft:walk_one_cm":73748,"minecraft:drop":3,"minecraft:damage_dealt":1768,"minecraft:swim_one_cm":3327,"minecraft:talked_to_villager":1,"minecraft:fly_one_cm":136090,"minecraft:open_chest":3,"minecraft:crouch_one_cm":1225,"minecraft:play_time":28544,"minecraft:deaths":2,"minecraft:sneak_time":477,"minecraft:walk_under_water_one_cm":745,"minecraft:jump":692,"minecraft:walk_on_water_one_cm":3325,"minecraft:total_world_time":28544,"minecraft:fall_one_cm":33046},"minecraft:picked_up":{"minecraft:crafting_table":3,"minecraft:feather":17,"minecraft:chicken":14,"minecraft:leather":2,"minecraft:oak_log":5,"minecraft:yellow_bed":1,"minecraft:gunpowder":1,"minecraft:string":1,"minecraft:bone":3,"minecraft:wheat_seeds":4,"minecraft:beef":7,"minecraft:oak_planks":2,"minecraft:furnace":1,"minecraft:egg":1,"minecraft:raw_iron":8,"minecraft:pumpkin":1,"minecraft:torch":1,"minecraft:porkchop":3,"minecraft:pointed_dripstone":2,"minecraft:granite":3,"minecraft:oak_sapling":1,"minecraft:mutton":3,"minecraft:coal":66,"minecraft:white_wool":2,"minecraft:cobblestone":47},"minecraft:crafted":{"minecraft:oak_planks":20,"minecraft:crafting_table":1,"minecraft:wooden_pickaxe":1,"minecraft:cooked_chicken":5,"minecraft:furnace":1,"minecraft:stone_axe":1,"minecraft:air":0,"minecraft:stick":16,"minecraft:stone_pickaxe":1,"minecraft:stone_sword":1,"minecraft:torch":36},"minecraft:used":{"minecraft:stone_sword":77,"minecraft:stone_pickaxe":111,"minecraft:oak_planks":2,"minecraft:wooden_pickaxe":31,"minecraft:torch":18,"minecraft:crafting_table":3,"minecraft:granite":3,"minecraft:bread":7,"minecraft:stone_axe":5,"minecraft:cobblestone":4,"minecraft:furnace":1},"minecraft:mined":{"minecraft:glass_pane":1,"minecraft:crafting_table":3,"minecraft:torch":1,"minecraft:granite":5,"minecraft:grass_block":1,"minecraft:tall_grass":6,"minecraft:cobblestone":10,"minecraft:oak_planks":2,"minecraft:furnace":1,"minecraft:iron_ore":8,"minecraft:pumpkin":1,"minecraft:yellow_bed":1,"minecraft:grass":23,"minecraft:coal_ore":74,"minecraft:pointed_dripstone":1,"minecraft:oak_log":8,"minecraft:stone":39,"minecraft:oak_leaves":5}},"DataVersion":3120}