{"stats":{"minecraft:dropped":{"minecraft:stone_axe":1,"minecraft:diorite":1,"minecraft:egg":1},"minecraft:killed":{"minecraft:pig":6,"minecraft:sheep":12,"minecraft:skeleton":3,"minecraft:zombie":6,"minecraft:chicken":3,"minecraft:silverfish":1,"minecraft:cow":4},"minecraft:custom":{"minecraft:interact_with_furnace":52,"minecraft:mob_kills":35,"minecraft:interact_with_crafting_table":16,"minecraft:time_since_death":53356,"minecraft:sleep_in_bed":2,"minecraft:time_since_rest":39974,"minecraft:sprint_one_cm":222706,"minecraft:damage_taken":1201,"minecraft:walk_one_cm":91424,"minecraft:drop":3,"minecraft:damage_dealt":4133,"minecraft:swim_one_cm":1918,"minecraft:fly_one_cm":200115,"minecraft:crouch_one_cm":18254,"minecraft:play_time":53356,"minecraft:sneak_time":6064,"minecraft:walk_under_water_one_cm":298,"minecraft:jump":1290,"minecraft:walk_on_water_one_cm":6126,"minecraft:total_world_time":53356,"minecraft:fall_one_cm":45079},"minecraft:picked_up":{"minecraft:crafting_table":4,"minecraft:cooked_beef":6,"minecraft:chicken":3,"minecraft:andesite":2,"minecraft:leather":4,"minecraft:wooden_pickaxe":1,"minecraft:oak_log":15,"minecraft:lapis_lazuli":28,"minecraft:dirt":4,"minecraft:wooden_sword":1,"minecraft:bone":2,"minecraft:cobbled_deepslate":15,"minecraft:raw_gold":2,"minecraft:beef":8,"minecraft:light_gray_wool":2,"minecraft:furnace":6,"minecraft:egg":1,"minecraft:raw_iron":76,"minecraft:torch":1,"minecraft:dripstone_block":3,"minecraft:porkchop":8,"minecraft:pointed_dripstone":12,"minecraft:diorite":1,"minecraft:redstone":29,"minecraft:arrow":4,"minecraft:black_wool":1,"minecraft:mutton":18,"minecraft:coal":57,"minecraft:white_wool":9,"minecraft:cobblestone":67},"minecraft:crafted":{"minecraft:cooked_beef":2,"minecraft:wooden_sword":1,"minecraft:oak_planks":36,"minecraft:cooked_porkchop":6,"minecraft:crafting_table":1,"minecraft:wooden_pickaxe":1,"minecraft:iron_helmet":1,"minecraft:iron_sword":1,"minecraft:furnace":5,"minecraft:stone_axe":1,"minecraft:cooked_mutton":18,"minecraft:air":0,"minecraft:iron_boots":1,"minecraft:iron_chestplate":1,"minecraft:stick":48,"minecraft:iron_ingot":39,"minecraft:iron_pickaxe":1,"minecraft:stone_pickaxe":5,"minecraft:stone_sword":1,"minecraft:iron_leggings":1,"minecraft:torch":92},"minecraft:used":{"minecraft:cooked_mutton":3,"minecraft:stone_sword":47,"minecraft:stone_pickaxe":177,"minecraft:wooden_pickaxe":36,"minecraft:iron_sword":35,"minecraft:torch":79,"minecraft:dirt":4,"minecraft:crafting_table":4,"minecraft:iron_pickaxe":29,"minecraft:stone_axe":7,"minecraft:wooden_sword":29,"minecraft:furnace":6,"minecraft:cooked_porkchop":6,"minecraft:cooked_beef":7,"minecraft:cobbled_deepslate":3},"minecraft:mined":{"minecraft:infested_deepslate":1,"minecraft:deepslate_redstone_ore":6,"minecraft:sculk_vein":1,"minecraft:crafting_table":4,"minecraft:glow_lichen":1,"minecraft:granite":1,"minecraft:grass_block":3,"minecraft:tall_grass":3,"minecraft:deepslate_gold_ore":2,"minecraft:sculk":2,"minecraft:diorite":1,"minecraft:furnace":6,"minecraft:iron_ore":62,"minecraft:andesite":2,"minecraft:deepslate_lapis_ore":4,"minecraft:grass":6,"minecraft:coal_ore":44,"minecraft:pointed_dripstone":3,"minecraft:oak_log":12,"minecraft:deepslate_iron_ore":14,"minecraft:dripstone_block":4,"minecraft:dirt":1,"minecraft:stone":71,"minecraft:deepslate":10,"minecraft:oak_leaves":4}},"DataVersion":3120}