{"stats":{"minecraft:dropped":{"minecraft:stone_axe":1,"minecraft:dripstone_block":3,"minecraft:tuff":2,"minecraft:pointed_dripstone":12,"minecraft:cooked_mutton":1,"minecraft:stick":3,"minecraft:diorite":1,"minecraft:andesite":2,"minecraft:bone":7,"minecraft:egg":1},"minecraft:killed":{"minecraft:pig":6,"minecraft:spider":7,"minecraft:creeper":1,"minecraft:sheep":12,"minecraft:skeleton":11,"minecraft:zombie":17,"minecraft:chicken":3,"minecraft:silverfish":2,"minecraft:cow":4},"minecraft:custom":{"minecraft:interact_with_furnace":195,"minecraft:mob_kills":63,"minecraft:interact_with_crafting_table":18,"minecraft:time_since_death":95356,"minecraft:sleep_in_bed":2,"minecraft:time_since_rest":81974,"minecraft:sprint_one_cm":343953,"minecraft:damage_taken":2174,"minecraft:walk_one_cm":196294,"minecraft:drop":10,"minecraft:damage_dealt":8787,"minecraft:swim_one_cm":1918,"minecraft:fly_one_cm":311630,"minecraft:open_chest":1,"minecraft:crouch_one_cm":35297,"minecraft:play_time":95356,"minecraft:sneak_time":13542,"minecraft:walk_under_water_one_cm":602,"minecraft:jump":2282,"minecraft:walk_on_water_one_cm":11029,"minecraft:total_world_time":95356,"minecraft:fall_one_cm":65372},"minecraft:picked_up":{"minecraft:crafting_table":5,"minecraft:cooked_beef":6,"minecraft:chicken":3,"minecraft:andesite":2,"minecraft:leather":4,"minecraft:wooden_pickaxe":1,"minecraft:tuff":2,"minecraft:oak_log":15,"minecraft:string":8,"minecraft:lapis_lazuli":61,"minecraft:dirt":4,"minecraft:raw_copper":5,"minecraft:wooden_sword":1,"minecraft:bone":16,"minecraft:bow":1,"minecraft:cobbled_deepslate":70,"minecraft:raw_gold":21,"minecraft:iron_ingot":2,"minecraft:beef":8,"minecraft:light_gray_wool":2,"minecraft:oak_planks":16,"minecraft:furnace":11,"minecraft:egg":1,"minecraft:raw_iron":163,"minecraft:torch":10,"minecraft:dripstone_block":3,"minecraft:porkchop":8,"minecraft:pointed_dripstone":13,"minecraft:diorite":1,"minecraft:redstone":100,"minecraft:arrow":11,"minecraft:diamond":4,"minecraft:black_wool":1,"minecraft:mutton":18,"minecraft:coal":77,"minecraft:white_wool":9,"minecraft:cobblestone":142},"minecraft:crafted":{"minecraft:cooked_beef":2,"minecraft:wooden_sword":1,"minecraft:oak_planks":60,"minecraft:cooked_porkchop":8,"minecraft:crafting_table":1,"minecraft:wooden_pickaxe":1,"minecraft:iron_helmet":1,"minecraft:iron_sword":1,"minecraft:furnace":5,"minecraft:stone_axe":1,"minecraft:cooked_mutton":18,"minecraft:air":0,"minecraft:iron_boots":1,"minecraft:iron_chestplate":1,"minecraft:diamond_pickaxe":1,"minecraft:stick":60,"minecraft:iron_ingot":141,"minecraft:iron_pickaxe":1,"minecraft:stone_pickaxe":5,"minecraft:stone_sword":1,"minecraft:iron_leggings":1,"minecraft:torch":136},"minecraft:broken":{"minecraft:iron_pickaxe":1},"minecraft:used":{"minecraft:cooked_mutton":17,"minecraft:stone_sword":47,"minecraft:stone_pickaxe":238,"minecraft:wooden_pickaxe":36,"minecraft:iron_sword":132,"minecraft:torch":146,"minecraft:dirt":4,"minecraft:crafting_table":5,"minecraft:diamond_pickaxe":1,"minecraft:iron_pickaxe":250,"minecraft:stone_axe":7,"minecraft:wooden_sword":29,"minecraft:cobblestone":75,"minecraft:furnace":12,"minecraft:cooked_porkchop":6,"minecraft:pointed_dripstone":1,"minecraft:cooked_beef":8,"minecraft:cobbled_deepslate":38},"minecraft:mined":{"minecraft:infested_deepslate":1,"minecraft:deepslate_redstone_ore":19,"minecraft:tuff":2,"minecraft:deepslate_diamond_ore":4,"minecraft:sculk_vein":1,"minecraft:torch":1,"minecraft:crafting_table":5,"minecraft:glow_lichen":1,"minecraft:granite":2,"minecraft:grass_block":4,"minecraft:copper_ore":1,"minecraft:tall_grass":3,"minecraft:cobblestone":3,"minecraft:deepslate_gold_ore":21,"minecraft:sculk":2,"minecraft:diorite":1,"minecraft:wall_torch":8,"minecraft:redstone_ore":3,"minecraft:furnace":11,"minecraft:iron_ore":74,"minecraft:andesite":2,"minecraft:deepslate_lapis_ore":11,"minecraft:grass":6,"minecraft:coal_ore":59,"minecraft:pointed_dripstone":5,"minecraft:oak_log":12,"minecraft:deepslate_iron_ore":80,"minecraft:dripstone_block":6,"minecraft:dirt":4,"minecraft:stone":143,"minecraft:deepslate":62,"minecraft:oak_leaves":4}},"DataVersion":3120}