{"stats":{"minecraft:dropped":{"minecraft:stone_axe":1},"minecraft:killed":{"minecraft:pig":6,"minecraft:sheep":12,"minecraft:skeleton":1,"minecraft:zombie":3,"minecraft:chicken":3,"minecraft:cow":4},"minecraft:custom":{"minecraft:interact_with_furnace":52,"minecraft:mob_kills":29,"minecraft:interact_with_crafting_table":16,"minecraft:time_since_death":41356,"minecraft:sleep_in_bed":2,"minecraft:time_since_rest":27974,"minecraft:sprint_one_cm":177823,"minecraft:damage_taken":685,"minecraft:walk_one_cm":63383,"minecraft:drop":1,"minecraft:damage_dealt":2766,"minecraft:swim_one_cm":1918,"minecraft:fly_one_cm":164003,"minecraft:crouch_one_cm":13365,"minecraft:play_time":41356,"minecraft:sneak_time":4736,"minecraft:walk_under_water_one_cm":98,"minecraft:jump":938,"minecraft:walk_on_water_one_cm":2184,"minecraft:total_world_time":41356,"minecraft:fall_one_cm":38684},"minecraft:picked_up":{"minecraft:crafting_table":4,"minecraft:cooked_beef":6,"minecraft:chicken":3,"minecraft:andesite":2,"minecraft:leather":4,"minecraft:wooden_pickaxe":1,"minecraft:oak_log":15,"minecraft:dirt":4,"minecraft:wooden_sword":1,"minecraft:beef":8,"minecraft:light_gray_wool":2,"minecraft:furnace":6,"minecraft:egg":1,"minecraft:raw_iron":64,"minecraft:dripstone_block":3,"minecraft:porkchop":8,"minecraft:pointed_dripstone":12,"minecraft:diorite":1,"minecraft:arrow":1,"minecraft:black_wool":1,"minecraft:mutton":18,"minecraft:coal":57,"minecraft:white_wool":9,"minecraft:cobblestone":67},"minecraft:crafted":{"minecraft:cooked_beef":2,"minecraft:wooden_sword":1,"minecraft:oak_planks":36,"minecraft:cooked_porkchop":6,"minecraft:crafting_table":1,"minecraft:wooden_pickaxe":1,"minecraft:iron_helmet":1,"minecraft:iron_sword":1,"minecraft:furnace":5,"minecraft:stone_axe":1,"minecraft:cooked_mutton":18,"minecraft:air":0,"minecraft:iron_boots":1,"minecraft:iron_chestplate":1,"minecraft:stick":48,"minecraft:iron_ingot":39,"minecraft:iron_pickaxe":1,"minecraft:stone_pickaxe":5,"minecraft:stone_sword":1,"minecraft:iron_leggings":1,"minecraft:torch":92},"minecraft:used":{"minecraft:cooked_mutton":2,"minecraft:stone_sword":47,"minecraft:stone_pickaxe":169,"minecraft:wooden_pickaxe":36,"minecraft:iron_sword":4,"minecraft:torch":39,"minecraft:dirt":4,"minecraft:crafting_table":4,"minecraft:stone_axe":7,"minecraft:wooden_sword":29,"minecraft:furnace":6,"minecraft:cooked_porkchop":6,"minecraft:cooked_beef":2},"minecraft:mined":{"minecraft:crafting_table":4,"minecraft:granite":1,"minecraft:grass_block":3,"minecraft:tall_grass":3,"minecraft:diorite":1,"minecraft:furnace":6,"minecraft:iron_ore":62,"minecraft:andesite":2,"minecraft:grass":6,"minecraft:coal_ore":44,"minecraft:pointed_dripstone":3,"minecraft:oak_log":12,"minecraft:deepslate_iron_ore":4,"minecraft:dripstone_block":4,"minecraft:dirt":1,"minecraft:stone":71,"minecraft:oak_leaves":4}},"DataVersion":3120}