{"stats":{"minecraft:picked_up":{"minecraft:wooden_axe":2,"duneons:highlandberries":44,"minecraft:charcoal":8,"minecraft:crafting_table":1,"minecraft:iron_chestplate":2,"minecraft:wheat":672,"minecraft:azure_bluet":1,"minecraft:flower_pot":1,"duneons:burstgalepulling":2,"minecraft:wooden_pickaxe":4,"duneons:outpostbricks":39,"minecraft:enchanted_book":3,"minecraft:shield":4,"minecraft:string":7,"minecraft:red_bed":7,"minecraft:wooden_sword":3,"minecraft:iron_leggings":3,"biomesoplenty:stripped_mahogany_log":3,"minecraft:experience_bottle":4,"minecraft:blackstone":2,"minecraft:beetroot":61,"minecraft:sea_pickle":1,"minecraft:cobbled_deepslate":1,"minecraft:poppy":268,"minecraft:iron_pickaxe":4,"minecraft:melon_slice":46,"minecraft:sugar_cane":48,"minecraft:stick":18,"minecraft:raw_iron":61,"minecraft:sandstone":17,"minecraft:torch":12,"minecraft:carrot":49,"duneons:burningpotion":6,"minecraft:stone_pressure_plate":1,"minecraft:goat_horn":2,"minecraft:arrow":25,"minecraft:cactus":6,"minecraft:rotten_flesh":18,"minecraft:beetroot_seeds":2,"minecraft:pumpkin_pie":1,"biomesoplenty:mahogany_sapling":8,"minecraft:gold_ingot":8,"biomesoplenty:orange_sand":6,"minecraft:cobblestone":760,"minecraft:smooth_red_sandstone_stairs":4,"duneons:candleitem":54,"minecraft:andesite":32,"minecraft:jungle_log":5,"minecraft:leather":3,"minecraft:smoker":5,"minecraft:potato":122,"duneons:burstgale":4,"minecraft:oak_log":76,"minecraft:gunpowder":2,"minecraft:lapis_lazuli":280,"duneons:scattermines":6,"minecraft:dirt":510,"minecraft:lantern":14,"minecraft:name_tag":2,"minecraft:orange_terracotta":8,"minecraft:bone":53,"minecraft:apple":6,"minecraft:bow":2,"minecraft:wheat_seeds":35,"minecraft:raw_gold":8,"minecraft:iron_ingot":22,"minecraft:stone_pickaxe":3,"duneons:mountaineeraxeiron":4,"minecraft:iron_sword":3,"minecraft:oak_planks":197,"biomesoplenty:mahogany_planks":175,"minecraft:black_candle":1,"duneons:rampartbrazier":3,"duneons:highlandfern":12,"minecraft:sand":27,"minecraft:blast_furnace":5,"minecraft:white_bed":3,"minecraft:spider_eye":1,"minecraft:cut_red_sandstone":1,"biomesoplenty:mahogany_log":226,"duneons:ravager_gatewood":1,"duneons:minecartgift":7,"duneons:palmlog":60,"minecraft:iron_helmet":3,"minecraft:crossbow":4,"minecraft:granite":47,"duneons:ravagergatewood_3":10,"minecraft:bread":298,"minecraft:emerald":40,"duneons:ravagergateiron":4,"duneons:keygold":4,"minecraft:oak_sapling":6,"minecraft:coal":53},"minecraft:mined":{"minecraft:stone_pressure_plate":1,"minecraft:white_bed":3,"minecraft:jungle_leaves":1,"minecraft:granite":38,"minecraft:smooth_red_sandstone_stairs":4,"minecraft:grass_block":278,"biomesoplenty:stripped_mahogany_log":3,"duneons:highlandtallgrass":8,"minecraft:jungle_log":5,"duneons:highlandgrass":1,"biomesoplenty:orange_sandstone":2,"minecraft:sandstone":4,"minecraft:furnace":1,"minecraft:carrots":5,"minecraft:iron_ore":23,"minecraft:andesite":101,"minecraft:deepslate_lapis_ore":8,"minecraft:potatoes":7,"minecraft:flowering_azalea_leaves":1,"duneons:deathcoraldirt":5,"minecraft:vine":1,"minecraft:deepslate_iron_ore":4,"biomesoplenty:mahogany_leaves":107,"minecraft:lantern":2,"minecraft:black_candle":2,"minecraft:azalea_leaves":1,"minecraft:stone":470,"minecraft:red_bed":8,"minecraft:blackstone":2,"duneons:candle":3,"biomesoplenty:orange_sand":5,"minecraft:smoker":4,"minecraft:orange_terracotta":3,"duneons:seasandcobblestone":1,"minecraft:crafting_table":3,"minecraft:torch":7,"minecraft:blast_furnace":2,"biomesoplenty:mahogany_planks":196,"minecraft:poppy":77,"minecraft:melon":8,"minecraft:dead_bush":2,"minecraft:copper_ore":2,"minecraft:tall_grass":2,"minecraft:cobblestone":47,"biomesoplenty:sprout":18,"minecraft:lapis_ore":3,"minecraft:oak_planks":2,"minecraft:sugar_cane":26,"minecraft:wall_torch":1,"minecraft:sea_pickle":1,"biomesoplenty:mahogany_log":205,"minecraft:wheat":13,"duneons:highlandfern":2,"minecraft:grass":22,"minecraft:potted_azure_bluet":1,"minecraft:oak_log":25,"minecraft:coal_ore":21,"minecraft:beetroots":9,"minecraft:dirt":195,"minecraft:sand":11,"minecraft:cobweb":2,"minecraft:acacia_planks":1,"minecraft:cut_red_sandstone":1,"minecraft:oak_leaves":28,"minecraft:deepslate":1,"minecraft:fern":90},"minecraft:used":{"biomesoplenty:mahogany_planks":369,"minecraft:stone_sword":24,"minecraft:stone_shovel":437,"minecraft:chest":2,"minecraft:iron_sword":64,"minecraft:mutton":1,"minecraft:torch":36,"minecraft:dirt":62,"minecraft:carrot":11,"minecraft:golden_shovel":32,"duneons:outpostbricks":13,"duneons:mountaineeraxeiron":2,"minecraft:iron_helmet":1,"minecraft:furnace":1,"minecraft:potato":8,"minecraft:enchanted_golden_apple":1,"minecraft:golden_axe":34,"minecraft:oak_planks":34,"minecraft:stone_pickaxe":410,"minecraft:wooden_pickaxe":80,"minecraft:sandstone":8,"duneons:candleitem":4,"minecraft:sugar_cane":48,"biomesoplenty:mahogany_log":66,"minecraft:golden_apple":3,"minecraft:crafting_table":8,"minecraft:red_bed":5,"minecraft:blast_furnace":2,"minecraft:white_bed":3,"minecraft:crossbow":3,"minecraft:smoker":2,"minecraft:bread":76,"minecraft:iron_pickaxe":389,"duneons:minecartgift":4,"minecraft:stone_axe":439,"minecraft:wooden_sword":59,"minecraft:cobblestone":365,"minecraft:oak_boat":1,"biomesoplenty:stripped_mahogany_log":1,"duneons:highlandberries":11},"minecraft:broken":{"minecraft:golden_shovel":1,"minecraft:wooden_pickaxe":1,"minecraft:stone_pickaxe":2,"minecraft:golden_axe":1,"minecraft:wooden_sword":1,"minecraft:stone_axe":3,"minecraft:iron_pickaxe":1,"minecraft:stone_shovel":3},"minecraft:dropped":{"minecraft:iron_ingot":15,"minecraft:bread":70,"minecraft:wheat_seeds":6,"minecraft:cobblestone":129,"minecraft:granite":47,"minecraft:stick":9,"minecraft:dirt":12,"minecraft:red_bed":2,"biomesoplenty:orange_sand":5,"minecraft:wooden_axe":1,"duneons:ravagergateiron":2,"duneons:mountaineeraxeiron":1,"minecraft:sand":27,"minecraft:cactus":10,"duneons:ravager_gatewood":1,"minecraft:goat_horn":1,"minecraft:blackstone":2,"minecraft:cobbled_deepslate":1,"minecraft:wheat":282,"minecraft:raw_iron":29,"minecraft:beetroot":10,"minecraft:rotten_flesh":7,"minecraft:oak_planks":74,"minecraft:carrot":22,"minecraft:cut_red_sandstone":1,"minecraft:poppy":64,"minecraft:charcoal":2,"minecraft:beetroot_seeds":2,"minecraft:spider_eye":1,"minecraft:sandstone":2,"minecraft:beef":2,"minecraft:smooth_red_sandstone_stairs":4},"minecraft:killed_by":{"minecraft:spider":1,"duneons:tempestgolem":1,"minecraft:skeleton":3,"various_world:zombie_of_stony_magma":1},"minecraft:custom":{"minecraft:mob_kills":31,"minecraft:interact_with_crafting_table":48,"minecraft:leave_game":8,"minecraft:time_since_death":141153,"minecraft:climb_one_cm":8464,"minecraft:damage_resisted":82,"minecraft:sprint_one_cm":750666,"minecraft:walk_one_cm":617643,"minecraft:drop":84,"minecraft:talked_to_villager":2,"minecraft:play_time":281261,"minecraft:sneak_time":25144,"minecraft:deaths":6,"minecraft:walk_under_water_one_cm":6087,"minecraft:boat_one_cm":15126,"minecraft:jump":4933,"minecraft:interact_with_blast_furnace":2,"minecraft:walk_on_water_one_cm":36091,"minecraft:total_world_time":281261,"minecraft:interact_with_furnace":41,"minecraft:raid_trigger":1,"minecraft:sleep_in_bed":12,"minecraft:time_since_rest":10231,"minecraft:damage_taken":6011,"minecraft:damage_absorbed":184,"minecraft:damage_dealt":5705,"minecraft:player_kills":3,"minecraft:swim_one_cm":63805,"minecraft:fly_one_cm":869683,"minecraft:open_chest":72,"minecraft:crouch_one_cm":91690,"minecraft:interact_with_smoker":3,"minecraft:fall_one_cm":132195},"minecraft:killed":{"minecraft:cave_spider":1,"minecraft:spider":2,"duneons:wraith":1,"minecraft:skeleton":6,"duneons:squallgolem":1,"minecraft:creeper":2,"duneons:mountaineer":2,"minecraft:pillager":6,"minecraft:zombie":8,"various_world:zombie_of_stony_magma":1,"minecraft:cow":1},"minecraft:crafted":{"minecraft:wooden_sword":1,"minecraft:oak_planks":115,"minecraft:stone_shovel":3,"biomesoplenty:mahogany_planks":65,"minecraft:furnace":1,"minecraft:stone_pickaxe":5,"minecraft:chest":2,"minecraft:golden_axe":1,"minecraft:crafting_table":9,"minecraft:wooden_pickaxe":2,"minecraft:iron_helmet":1,"minecraft:iron_sword":1,"minecraft:golden_shovel":1,"minecraft:stone_axe":4,"minecraft:air":357,"minecraft:bread":55,"minecraft:jungle_planks":5,"minecraft:oak_boat":1,"minecraft:iron_chestplate":2,"minecraft:stick":42,"minecraft:iron_ingot":32,"minecraft:iron_pickaxe":2,"minecraft:stone_sword":1,"minecraft:iron_leggings":1,"minecraft:torch":27}},"DataVersion":3120}