{"stats":{"minecraft:used":{"minecraft:stone_sword":24,"minecraft:iron_sword":25,"minecraft:torch":24,"minecraft:dirt":13,"minecraft:carrot":11,"duneons:outpostbricks":13,"duneons:mountaineeraxeiron":2,"minecraft:iron_helmet":1,"minecraft:furnace":1,"minecraft:enchanted_golden_apple":1,"minecraft:oak_planks":34,"minecraft:stone_pickaxe":381,"minecraft:wooden_pickaxe":80,"minecraft:sandstone":8,"duneons:candleitem":4,"minecraft:sugar_cane":48,"minecraft:golden_apple":3,"minecraft:crafting_table":6,"minecraft:red_bed":5,"minecraft:blast_furnace":2,"minecraft:crossbow":3,"minecraft:smoker":2,"minecraft:bread":47,"minecraft:iron_pickaxe":165,"duneons:minecartgift":4,"minecraft:wooden_sword":59,"minecraft:cobblestone":155,"duneons:highlandberries":11},"minecraft:mined":{"minecraft:stone_pressure_plate":1,"minecraft:granite":38,"minecraft:smooth_red_sandstone_stairs":4,"minecraft:grass_block":1,"duneons:highlandtallgrass":3,"biomesoplenty:orange_sandstone":2,"minecraft:sandstone":4,"minecraft:furnace":1,"minecraft:carrots":5,"minecraft:iron_ore":23,"minecraft:andesite":101,"minecraft:deepslate_lapis_ore":8,"minecraft:potatoes":7,"duneons:deathcoraldirt":5,"minecraft:deepslate_iron_ore":4,"minecraft:azalea_leaves":1,"minecraft:stone":264,"minecraft:red_bed":8,"minecraft:blackstone":2,"duneons:candle":3,"biomesoplenty:orange_sand":1,"minecraft:smoker":4,"minecraft:orange_terracotta":3,"duneons:seasandcobblestone":1,"minecraft:crafting_table":3,"minecraft:torch":4,"minecraft:blast_furnace":2,"minecraft:poppy":77,"minecraft:dead_bush":2,"minecraft:copper_ore":2,"minecraft:cobblestone":11,"biomesoplenty:sprout":17,"minecraft:lapis_ore":3,"minecraft:sugar_cane":26,"minecraft:oak_planks":2,"minecraft:wall_torch":1,"minecraft:wheat":13,"duneons:highlandfern":2,"minecraft:grass":11,"minecraft:oak_log":22,"minecraft:coal_ore":21,"minecraft:beetroots":9,"minecraft:dirt":3,"minecraft:cobweb":2,"minecraft:cut_red_sandstone":1,"minecraft:oak_leaves":20,"minecraft:deepslate":1},"minecraft:broken":{"minecraft:wooden_pickaxe":1,"minecraft:stone_pickaxe":2,"minecraft:wooden_sword":1},"minecraft:dropped":{"minecraft:iron_ingot":15,"minecraft:bread":66,"minecraft:wheat_seeds":3,"minecraft:cobblestone":129,"minecraft:granite":47,"minecraft:stick":9,"minecraft:dirt":4,"minecraft:red_bed":2,"minecraft:wooden_axe":1,"duneons:ravagergateiron":2,"duneons:mountaineeraxeiron":1,"minecraft:cactus":10,"duneons:ravager_gatewood":1,"minecraft:blackstone":2,"minecraft:cobbled_deepslate":1,"minecraft:wheat":282,"minecraft:raw_iron":29,"minecraft:beetroot":10,"minecraft:rotten_flesh":7,"minecraft:oak_planks":68,"minecraft:carrot":22,"minecraft:cut_red_sandstone":1,"minecraft:charcoal":2,"minecraft:beetroot_seeds":2,"minecraft:sandstone":2,"minecraft:smooth_red_sandstone_stairs":4,"minecraft:beef":2},"minecraft:picked_up":{"minecraft:wooden_axe":2,"duneons:highlandberries":44,"minecraft:charcoal":8,"minecraft:crafting_table":1,"minecraft:iron_chestplate":2,"minecraft:wheat":672,"duneons:burstgalepulling":2,"minecraft:wooden_pickaxe":4,"duneons:outpostbricks":39,"minecraft:enchanted_book":3,"minecraft:shield":4,"minecraft:string":7,"minecraft:red_bed":7,"minecraft:wooden_sword":3,"minecraft:iron_leggings":3,"minecraft:experience_bottle":4,"minecraft:blackstone":2,"minecraft:beetroot":61,"minecraft:cobbled_deepslate":1,"minecraft:poppy":204,"minecraft:iron_pickaxe":4,"minecraft:sugar_cane":48,"minecraft:stick":13,"minecraft:raw_iron":61,"minecraft:sandstone":17,"minecraft:torch":6,"minecraft:carrot":49,"duneons:burningpotion":6,"minecraft:stone_pressure_plate":1,"minecraft:goat_horn":2,"minecraft:arrow":24,"minecraft:cactus":6,"minecraft:rotten_flesh":12,"minecraft:beetroot_seeds":2,"minecraft:pumpkin_pie":1,"minecraft:gold_ingot":8,"minecraft:cobblestone":531,"minecraft:smooth_red_sandstone_stairs":4,"duneons:candleitem":54,"minecraft:andesite":32,"minecraft:smoker":5,"minecraft:potato":122,"duneons:burstgale":4,"minecraft:oak_log":73,"minecraft:lapis_lazuli":280,"duneons:scattermines":6,"minecraft:dirt":22,"minecraft:lantern":12,"minecraft:orange_terracotta":8,"minecraft:name_tag":2,"minecraft:bone":48,"minecraft:apple":6,"minecraft:bow":2,"minecraft:wheat_seeds":12,"minecraft:raw_gold":8,"minecraft:stone_pickaxe":3,"minecraft:iron_ingot":22,"duneons:mountaineeraxeiron":4,"minecraft:iron_sword":3,"minecraft:oak_planks":197,"duneons:rampartbrazier":3,"duneons:highlandfern":12,"minecraft:blast_furnace":5,"minecraft:cut_red_sandstone":1,"duneons:ravager_gatewood":1,"duneons:palmlog":60,"duneons:minecartgift":7,"minecraft:iron_helmet":3,"minecraft:granite":47,"minecraft:crossbow":4,"duneons:ravagergatewood_3":10,"minecraft:emerald":40,"minecraft:bread":298,"duneons:ravagergateiron":4,"duneons:keygold":4,"minecraft:oak_sapling":6,"minecraft:coal":53},"minecraft:crafted":{"minecraft:wooden_sword":1,"minecraft:oak_planks":112,"minecraft:furnace":1,"minecraft:stone_pickaxe":4,"minecraft:crafting_table":6,"minecraft:wooden_pickaxe":2,"minecraft:iron_helmet":1,"minecraft:iron_sword":1,"minecraft:bread":55,"minecraft:air":0,"minecraft:iron_chestplate":2,"minecraft:stick":36,"minecraft:iron_ingot":32,"minecraft:iron_pickaxe":2,"minecraft:stone_sword":1,"minecraft:iron_leggings":1,"minecraft:torch":20},"minecraft:custom":{"minecraft:mob_kills":20,"minecraft:interact_with_crafting_table":24,"minecraft:leave_game":5,"minecraft:time_since_death":4264,"minecraft:climb_one_cm":4238,"minecraft:damage_resisted":82,"minecraft:sprint_one_cm":498734,"minecraft:walk_one_cm":309907,"minecraft:drop":69,"minecraft:play_time":144372,"minecraft:deaths":6,"minecraft:sneak_time":9432,"minecraft:walk_under_water_one_cm":2917,"minecraft:jump":2866,"minecraft:interact_with_blast_furnace":2,"minecraft:walk_on_water_one_cm":24258,"minecraft:total_world_time":144372,"minecraft:interact_with_furnace":41,"minecraft:raid_trigger":1,"minecraft:sleep_in_bed":4,"minecraft:time_since_rest":4413,"minecraft:damage_taken":4695,"minecraft:damage_absorbed":184,"minecraft:damage_dealt":4483,"minecraft:swim_one_cm":45244,"minecraft:player_kills":1,"minecraft:fly_one_cm":532028,"minecraft:open_chest":44,"minecraft:crouch_one_cm":35380,"minecraft:interact_with_smoker":3,"minecraft:fall_one_cm":74694},"minecraft:killed_by":{"minecraft:spider":1,"duneons:tempestgolem":1,"minecraft:skeleton":3,"various_world:zombie_of_stony_magma":1},"minecraft:killed":{"minecraft:cave_spider":1,"minecraft:spider":1,"duneons:wraith":1,"minecraft:skeleton":3,"duneons:squallgolem":1,"duneons:mountaineer":2,"minecraft:pillager":6,"minecraft:zombie":4,"various_world:zombie_of_stony_magma":1}},"DataVersion":3120}