{"stats":{"minecraft:killed":{"minecraft:pig":10,"minecraft:spider":8,"minecraft:creeper":1,"minecraft:skeleton":11,"minecraft:sheep":20,"minecraft:zombie":17,"minecraft:chicken":4,"minecraft:silverfish":2,"minecraft:cow":5},"minecraft:picked_up":{"minecraft:crafting_table":5,"minecraft:feather":2,"minecraft:cooked_beef":6,"minecraft:chicken":4,"minecraft:andesite":2,"minecraft:brown_wool":2,"minecraft:leather":4,"minecraft:wooden_pickaxe":1,"minecraft:tuff":2,"minecraft:oak_log":15,"minecraft:shield":1,"minecraft:lapis_lazuli":61,"minecraft:dirt":6,"minecraft:string":10,"minecraft:raw_copper":10,"minecraft:wooden_sword":1,"minecraft:bone":16,"minecraft:bow":1,"minecraft:cobbled_deepslate":71,"minecraft:raw_gold":21,"minecraft:iron_ingot":2,"minecraft:beef":9,"minecraft:light_gray_wool":2,"minecraft:chest":1,"minecraft:oak_planks":19,"minecraft:furnace":11,"minecraft:egg":1,"minecraft:stick":4,"minecraft:raw_iron":163,"minecraft:sweet_berries":96,"minecraft:torch":11,"minecraft:dripstone_block":3,"minecraft:porkchop":15,"minecraft:spruce_sapling":1,"minecraft:pointed_dripstone":13,"minecraft:diorite":1,"minecraft:spruce_log":19,"minecraft:redstone":100,"minecraft:arrow":11,"minecraft:rotten_flesh":1,"minecraft:diamond":4,"minecraft:black_wool":2,"minecraft:mutton":30,"minecraft:coal":77,"minecraft:white_wool":14,"minecraft:cobblestone":142},"minecraft:broken":{"minecraft:iron_pickaxe":1},"minecraft:used":{"minecraft:cooked_mutton":18,"minecraft:stone_sword":47,"minecraft:stone_pickaxe":238,"minecraft:spruce_planks":7,"minecraft:chest":3,"minecraft:wooden_pickaxe":36,"minecraft:iron_sword":162,"minecraft:torch":146,"minecraft:dirt":6,"minecraft:crafting_table":6,"minecraft:diamond_pickaxe":2,"minecraft:iron_pickaxe":251,"minecraft:stone_axe":7,"minecraft:wooden_sword":29,"minecraft:bow":5,"minecraft:cobblestone":79,"minecraft:sweet_berries":50,"minecraft:furnace":16,"minecraft:cooked_porkchop":9,"minecraft:cooked_beef":8,"minecraft:cobbled_deepslate":48,"minecraft:pointed_dripstone":1},"minecraft:mined":{"minecraft:infested_deepslate":1,"minecraft:deepslate_redstone_ore":19,"minecraft:tuff":2,"minecraft:deepslate_diamond_ore":4,"minecraft:sculk_vein":1,"minecraft:glow_lichen":1,"minecraft:crafting_table":5,"minecraft:torch":1,"minecraft:granite":2,"minecraft:grass_block":6,"minecraft:chest":1,"minecraft:copper_ore":1,"minecraft:tall_grass":4,"minecraft:cobblestone":3,"minecraft:spruce_leaves":27,"minecraft:deepslate_gold_ore":21,"minecraft:sculk":2,"minecraft:diorite":1,"minecraft:wall_torch":8,"minecraft:redstone_ore":3,"minecraft:furnace":11,"minecraft:iron_ore":74,"minecraft:cobbled_deepslate":1,"minecraft:sweet_berry_bush":7,"minecraft:spruce_log":22,"minecraft:andesite":2,"minecraft:deepslate_lapis_ore":11,"minecraft:grass":6,"minecraft:coal_ore":59,"minecraft:pointed_dripstone":5,"minecraft:oak_log":12,"minecraft:deepslate_iron_ore":80,"minecraft:dripstone_block":6,"minecraft:dirt":4,"minecraft:stone":143,"minecraft:oak_leaves":4,"minecraft:deepslate":62,"minecraft:fern":3},"minecraft:crafted":{"minecraft:cooked_beef":2,"minecraft:wooden_sword":1,"minecraft:oak_planks":60,"minecraft:cooked_porkchop":9,"minecraft:spruce_planks":76,"minecraft:crafting_table":1,"minecraft:iron_helmet":1,"minecraft:cooked_chicken":3,"minecraft:wooden_pickaxe":1,"minecraft:iron_sword":1,"minecraft:furnace":5,"minecraft:stone_axe":1,"minecraft:cooked_mutton":24,"minecraft:air":0,"minecraft:iron_boots":1,"minecraft:iron_chestplate":1,"minecraft:diamond_pickaxe":1,"minecraft:stick":64,"minecraft:iron_ingot":149,"minecraft:iron_pickaxe":3,"minecraft:stone_pickaxe":5,"minecraft:stone_sword":1,"minecraft:chest":2,"minecraft:iron_leggings":1,"minecraft:torch":136},"minecraft:custom":{"minecraft:interact_with_furnace":227,"minecraft:mob_kills":78,"minecraft:interact_with_crafting_table":29,"minecraft:time_since_death":124609,"minecraft:sleep_in_bed":2,"minecraft:time_since_rest":111227,"minecraft:sprint_one_cm":455400,"minecraft:damage_taken":2602,"minecraft:walk_one_cm":270944,"minecraft:drop":11,"minecraft:damage_dealt":10066,"minecraft:swim_one_cm":1918,"minecraft:talked_to_villager":1,"minecraft:fly_one_cm":443641,"minecraft:open_chest":12,"minecraft:play_time":124609,"minecraft:crouch_one_cm":44734,"minecraft:sneak_time":16142,"minecraft:walk_under_water_one_cm":602,"minecraft:jump":3092,"minecraft:walk_on_water_one_cm":11029,"minecraft:total_world_time":124609,"minecraft:fall_one_cm":87159},"minecraft:dropped":{"minecraft:stone_axe":1,"minecraft:raw_copper":5,"minecraft:tuff":2,"minecraft:dripstone_block":3,"minecraft:pointed_dripstone":12,"minecraft:cooked_mutton":1,"minecraft:stick":3,"minecraft:diorite":1,"minecraft:andesite":2,"minecraft:egg":1,"minecraft:bone":7}},"DataVersion":3120}