{"stats":{"minecraft:dropped":{"minecraft:stone_axe":1,"minecraft:sweet_berries":16,"minecraft:raw_copper":5,"minecraft:tuff":2,"minecraft:dripstone_block":3,"minecraft:pointed_dripstone":12,"minecraft:cooked_mutton":1,"minecraft:stick":3,"minecraft:diorite":1,"minecraft:andesite":2,"minecraft:iron_pickaxe":1,"minecraft:egg":1,"minecraft:bone":7},"minecraft:killed":{"minecraft:pig":15,"minecraft:spider":9,"minecraft:creeper":1,"minecraft:skeleton":12,"minecraft:sheep":25,"minecraft:pillager":2,"minecraft:zombie":22,"minecraft:chicken":7,"minecraft:silverfish":2,"minecraft:cow":5},"minecraft:custom":{"minecraft:interact_with_furnace":240,"minecraft:mob_kills":101,"minecraft:interact_with_crafting_table":33,"minecraft:leave_game":1,"minecraft:time_since_death":186943,"minecraft:sleep_in_bed":4,"minecraft:climb_one_cm":378,"minecraft:time_since_rest":42231,"minecraft:sprint_one_cm":668200,"minecraft:damage_taken":3871,"minecraft:walk_one_cm":364523,"minecraft:drop":28,"minecraft:damage_dealt":12858,"minecraft:swim_one_cm":7088,"minecraft:talked_to_villager":1,"minecraft:fly_one_cm":647661,"minecraft:open_chest":20,"minecraft:play_time":186943,"minecraft:crouch_one_cm":67611,"minecraft:sneak_time":21825,"minecraft:walk_under_water_one_cm":1040,"minecraft:jump":4412,"minecraft:walk_on_water_one_cm":13400,"minecraft:total_world_time":186943,"minecraft:fall_one_cm":130888},"minecraft:picked_up":{"minecraft:crafting_table":5,"minecraft:feather":6,"minecraft:cooked_beef":6,"minecraft:chicken":7,"minecraft:andesite":2,"minecraft:brown_wool":2,"minecraft:leather":4,"minecraft:wooden_pickaxe":1,"minecraft:tuff":2,"minecraft:oak_log":15,"minecraft:shield":1,"minecraft:lapis_lazuli":61,"minecraft:dirt":30,"minecraft:string":10,"minecraft:raw_copper":10,"minecraft:wooden_sword":1,"minecraft:bone":18,"minecraft:bow":1,"minecraft:wheat_seeds":1,"minecraft:cobbled_deepslate":71,"minecraft:raw_gold":21,"minecraft:spruce_planks":24,"minecraft:iron_ingot":30,"minecraft:beef":9,"minecraft:iron_pickaxe":1,"minecraft:light_gray_wool":2,"minecraft:chest":1,"minecraft:oak_planks":19,"minecraft:furnace":13,"minecraft:egg":2,"minecraft:stick":12,"minecraft:raw_iron":163,"minecraft:sweet_berries":127,"minecraft:torch":11,"minecraft:dripstone_block":3,"minecraft:porkchop":25,"minecraft:spruce_sapling":3,"minecraft:pointed_dripstone":13,"minecraft:diorite":3,"minecraft:white_bed":1,"minecraft:spruce_log":25,"minecraft:redstone":100,"minecraft:arrow":12,"minecraft:rotten_flesh":8,"minecraft:diamond":4,"minecraft:glow_berries":1,"minecraft:black_wool":2,"minecraft:mutton":37,"minecraft:coal":103,"minecraft:white_wool":19,"minecraft:cobblestone":195},"minecraft:crafted":{"minecraft:cooked_beef":3,"minecraft:wooden_sword":1,"minecraft:oak_planks":60,"minecraft:cooked_porkchop":16,"minecraft:crafting_table":1,"minecraft:spruce_planks":100,"minecraft:cooked_chicken":4,"minecraft:iron_helmet":2,"minecraft:wooden_pickaxe":1,"minecraft:iron_sword":3,"minecraft:furnace":5,"minecraft:stone_axe":1,"minecraft:cooked_mutton":30,"minecraft:air":0,"minecraft:iron_boots":2,"minecraft:iron_chestplate":2,"minecraft:diamond_pickaxe":1,"minecraft:stick":72,"minecraft:iron_ingot":149,"minecraft:iron_pickaxe":5,"minecraft:stone_pickaxe":5,"minecraft:stone_sword":1,"minecraft:chest":2,"minecraft:iron_leggings":2,"minecraft:white_bed":1,"minecraft:torch":136},"minecraft:broken":{"minecraft:iron_pickaxe":1},"minecraft:used":{"minecraft:cooked_mutton":23,"minecraft:stone_sword":47,"minecraft:stone_pickaxe":238,"minecraft:chest":3,"minecraft:spruce_planks":39,"minecraft:wooden_pickaxe":36,"minecraft:iron_sword":236,"minecraft:cooked_chicken":1,"minecraft:torch":146,"minecraft:dirt":19,"minecraft:crafting_table":6,"minecraft:white_bed":1,"minecraft:diamond_pickaxe":2,"minecraft:iron_pickaxe":340,"minecraft:spruce_sapling":1,"minecraft:stone_axe":7,"minecraft:wooden_sword":29,"minecraft:cobblestone":94,"minecraft:bow":12,"minecraft:sweet_berries":125,"minecraft:furnace":16,"minecraft:cooked_porkchop":14,"minecraft:cooked_beef":8,"minecraft:cobbled_deepslate":48,"minecraft:pointed_dripstone":1},"minecraft:mined":{"minecraft:infested_deepslate":1,"minecraft:deepslate_redstone_ore":19,"minecraft:tuff":2,"minecraft:white_bed":1,"minecraft:deepslate_diamond_ore":4,"minecraft:sculk_vein":1,"minecraft:glow_lichen":1,"minecraft:crafting_table":5,"minecraft:torch":1,"minecraft:granite":2,"minecraft:grass_block":15,"minecraft:chest":1,"minecraft:copper_ore":1,"minecraft:tall_grass":6,"minecraft:cobblestone":12,"minecraft:spruce_leaves":39,"minecraft:deepslate_gold_ore":21,"minecraft:sculk":2,"minecraft:diorite":3,"minecraft:wall_torch":8,"minecraft:redstone_ore":3,"minecraft:furnace":13,"minecraft:iron_ore":74,"minecraft:cobbled_deepslate":1,"minecraft:sweet_berry_bush":10,"minecraft:spruce_log":28,"minecraft:andesite":2,"minecraft:deepslate_lapis_ore":11,"minecraft:grass":12,"minecraft:coal_ore":85,"minecraft:pointed_dripstone":5,"minecraft:oak_log":12,"minecraft:deepslate_iron_ore":80,"minecraft:dripstone_block":6,"minecraft:dirt":20,"minecraft:stone":189,"minecraft:oak_leaves":9,"minecraft:deepslate":62,"minecraft:fern":3}},"DataVersion":3120}