{"stats":{"minecraft:killed":{"minecraft:pig":4},"minecraft:picked_up":{"minecraft:crafting_table":1,"minecraft:andesite":1,"minecraft:porkchop":6,"minecraft:oak_log":10,"minecraft:coal":6,"minecraft:dirt":1,"minecraft:cobblestone":13},"minecraft:custom":{"minecraft:interact_with_furnace":1,"minecraft:time_since_rest":5356,"minecraft:crouch_one_cm":2180,"minecraft:play_time":5356,"minecraft:sprint_one_cm":22381,"minecraft:damage_taken":40,"minecraft:walk_one_cm":12072,"minecraft:sneak_time":596,"minecraft:mob_kills":4,"minecraft:jump":115,"minecraft:damage_dealt":411,"minecraft:time_since_death":5356,"minecraft:total_world_time":5356,"minecraft:fall_one_cm":2566,"minecraft:interact_with_crafting_table":3,"minecraft:fly_one_cm":30468},"minecraft:crafted":{"minecraft:furnace":1,"minecraft:wooden_sword":1,"minecraft:oak_planks":20,"minecraft:crafting_table":1,"minecraft:stick":4,"minecraft:wooden_pickaxe":1},"minecraft:used":{"minecraft:wooden_sword":17,"minecraft:crafting_table":2,"minecraft:furnace":1,"minecraft:wooden_pickaxe":21},"minecraft:mined":{"minecraft:coal_ore":4,"minecraft:grass":3,"minecraft:grass_block":1,"minecraft:oak_log":7,"minecraft:tall_grass":1,"minecraft:stone":14,"minecraft:andesite":1,"minecraft:oak_leaves":4,"minecraft:crafting_table":1}},"DataVersion":3120}