{"stats":{"minecraft:dropped":{"minecraft:dripstone_block":3,"minecraft:stick":3,"minecraft:diorite":1,"minecraft:iron_pickaxe":1,"minecraft:bone":7,"minecraft:stone_axe":1,"minecraft:sweet_berries":16,"minecraft:raw_copper":5,"minecraft:tuff":2,"minecraft:pointed_dripstone":12,"minecraft:cooked_mutton":1,"minecraft:andesite":2,"minecraft:egg":1},"minecraft:killed_by":{"minecraft:creeper":4,"minecraft:skeleton":1},"minecraft:killed":{"minecraft:spider":9,"minecraft:skeleton":14,"minecraft:chicken":7,"minecraft:silverfish":2,"minecraft:pig":16,"minecraft:creeper":1,"minecraft:sheep":33,"minecraft:pillager":2,"minecraft:zombie":23,"minecraft:cow":5},"minecraft:custom":{"minecraft:mob_kills":113,"minecraft:interact_with_crafting_table":40,"minecraft:leave_game":2,"minecraft:time_since_death":0,"minecraft:climb_one_cm":378,"minecraft:sprint_one_cm":905563,"minecraft:walk_one_cm":460105,"minecraft:drop":28,"minecraft:talked_to_villager":1,"minecraft:play_time":240942,"minecraft:deaths":7,"minecraft:sneak_time":27628,"minecraft:walk_under_water_one_cm":2108,"minecraft:jump":6216,"minecraft:walk_on_water_one_cm":19416,"minecraft:total_world_time":240942,"minecraft:interact_with_furnace":245,"minecraft:sleep_in_bed":4,"minecraft:time_since_rest":836,"minecraft:damage_taken":6705,"minecraft:damage_dealt":14262,"minecraft:swim_one_cm":62817,"minecraft:fly_one_cm":965408,"minecraft:player_kills":1,"minecraft:open_chest":20,"minecraft:crouch_one_cm":80894,"minecraft:fall_one_cm":187425},"minecraft:picked_up":{"minecraft:crafting_table":7,"minecraft:chicken":7,"minecraft:wooden_pickaxe":1,"minecraft:shield":1,"minecraft:string":10,"minecraft:raw_copper":10,"minecraft:wooden_sword":1,"minecraft:cobbled_deepslate":71,"minecraft:spruce_planks":25,"minecraft:beef":9,"minecraft:iron_pickaxe":1,"minecraft:light_gray_wool":2,"minecraft:chest":1,"minecraft:birch_sapling":1,"minecraft:egg":2,"minecraft:furnace":14,"minecraft:stick":12,"minecraft:raw_iron":176,"minecraft:torch":11,"minecraft:porkchop":27,"minecraft:pointed_dripstone":13,"minecraft:diorite":3,"minecraft:redstone":100,"minecraft:arrow":13,"minecraft:rotten_flesh":9,"minecraft:glow_berries":1,"minecraft:mutton":47,"minecraft:cobblestone":251,"minecraft:white_wool":26,"minecraft:birch_log":8,"minecraft:feather":6,"minecraft:cooked_beef":6,"minecraft:andesite":2,"minecraft:brown_wool":2,"minecraft:leather":4,"minecraft:tuff":2,"minecraft:oak_log":15,"minecraft:lapis_lazuli":61,"minecraft:dirt":61,"minecraft:bone":20,"minecraft:bow":1,"minecraft:wheat_seeds":2,"minecraft:raw_gold":21,"minecraft:iron_ingot":30,"minecraft:oak_planks":19,"minecraft:sweet_berries":169,"minecraft:dripstone_block":3,"minecraft:spruce_sapling":3,"minecraft:white_bed":1,"minecraft:spruce_log":25,"minecraft:diamond":4,"minecraft:black_wool":3,"minecraft:coal":262},"minecraft:crafted":{"minecraft:wooden_sword":2,"minecraft:oak_planks":60,"minecraft:cooked_chicken":4,"minecraft:furnace":6,"minecraft:cooked_mutton":37,"minecraft:iron_boots":2,"minecraft:stone_pickaxe":6,"minecraft:chest":2,"minecraft:cooked_beef":3,"minecraft:cooked_porkchop":16,"minecraft:crafting_table":3,"minecraft:spruce_planks":100,"minecraft:wooden_pickaxe":2,"minecraft:iron_helmet":2,"minecraft:iron_sword":3,"minecraft:birch_planks":32,"minecraft:stone_axe":1,"minecraft:air":0,"minecraft:iron_chestplate":2,"minecraft:diamond_pickaxe":1,"minecraft:stick":108,"minecraft:iron_ingot":149,"minecraft:iron_pickaxe":5,"minecraft:stone_sword":2,"minecraft:iron_leggings":2,"minecraft:white_bed":1,"minecraft:torch":160},"minecraft:broken":{"minecraft:wooden_pickaxe":1,"minecraft:iron_pickaxe":1},"minecraft:used":{"minecraft:stone_sword":51,"minecraft:chest":3,"minecraft:spruce_planks":40,"minecraft:iron_sword":247,"minecraft:cooked_chicken":1,"minecraft:torch":156,"minecraft:dirt":46,"minecraft:bow":12,"minecraft:sweet_berries":162,"minecraft:furnace":17,"minecraft:cooked_beef":8,"minecraft:cobbled_deepslate":48,"minecraft:pointed_dripstone":1,"minecraft:cooked_mutton":28,"minecraft:birch_planks":1,"minecraft:stone_pickaxe":365,"minecraft:wooden_pickaxe":95,"minecraft:glow_berries":2,"minecraft:crafting_table":8,"minecraft:white_bed":1,"minecraft:diamond_pickaxe":2,"minecraft:iron_pickaxe":395,"minecraft:spruce_sapling":1,"minecraft:stone_axe":7,"minecraft:wooden_sword":44,"minecraft:cobblestone":94,"minecraft:cooked_porkchop":16},"minecraft:mined":{"minecraft:infested_deepslate":1,"minecraft:tuff":2,"minecraft:spruce_planks":1,"minecraft:white_bed":1,"minecraft:deepslate_diamond_ore":4,"minecraft:sculk_vein":1,"minecraft:glow_lichen":1,"minecraft:granite":2,"minecraft:grass_block":39,"minecraft:spruce_leaves":40,"minecraft:redstone_ore":3,"minecraft:furnace":14,"minecraft:iron_ore":87,"minecraft:cobbled_deepslate":1,"minecraft:andesite":2,"minecraft:deepslate_lapis_ore":11,"minecraft:pointed_dripstone":5,"minecraft:deepslate_iron_ore":80,"minecraft:stone":245,"minecraft:deepslate_redstone_ore":19,"minecraft:dandelion":1,"minecraft:powder_snow":11,"minecraft:crafting_table":7,"minecraft:torch":1,"minecraft:chest":1,"minecraft:tall_grass":7,"minecraft:copper_ore":1,"minecraft:cobblestone":12,"minecraft:deepslate_gold_ore":21,"minecraft:sculk":2,"minecraft:diorite":3,"minecraft:wall_torch":8,"minecraft:birch_log":8,"minecraft:sweet_berry_bush":12,"minecraft:spruce_log":28,"minecraft:birch_leaves":1,"minecraft:grass":16,"minecraft:oak_log":12,"minecraft:coal_ore":244,"minecraft:dripstone_block":6,"minecraft:dirt":24,"minecraft:oak_leaves":10,"minecraft:deepslate":62,"minecraft:fern":3}},"DataVersion":3120}