{"stats":{"minecraft:used":{"minecraft:stone_sword":94,"minecraft:iron_shovel":350,"minecraft:flint_and_steel":6,"minecraft:chest":19,"minecraft:shield":13,"minecraft:iron_sword":326,"minecraft:iron_chestplate":1,"duneons:ravager_gatewood":1,"minecraft:oak_door":2,"minecraft:torch":66,"minecraft:dirt":14,"minecraft:jungle_planks":495,"minecraft:carrot":7,"duneons:outpostbricks":13,"minecraft:glass":31,"minecraft:lantern":12,"minecraft:iron_axe":295,"minecraft:jungle_log":68,"duneons:rampartbrazier":1,"minecraft:iron_boots":2,"minecraft:golden_sword":46,"minecraft:furnace":16,"minecraft:acacia_planks":6,"minecraft:cooked_beef":30,"minecraft:cobbled_deepslate":7,"minecraft:water_bucket":22,"minecraft:oak_planks":58,"minecraft:stone_pickaxe":261,"minecraft:wooden_pickaxe":7,"minecraft:sandstone":1,"biomesoplenty:mahogany_log":1,"minecraft:sand":1,"minecraft:tnt":6,"minecraft:crafting_table":14,"minecraft:red_bed":12,"minecraft:white_bed":3,"minecraft:crossbow":7,"minecraft:stripped_jungle_log":1,"minecraft:melon_slice":1,"minecraft:bread":65,"minecraft:iron_pickaxe":1211,"minecraft:jungle_stairs":16,"minecraft:stone_axe":208,"minecraft:wooden_sword":1,"minecraft:cobblestone":232,"minecraft:jungle_door":2,"minecraft:bucket":23,"minecraft:white_banner":1,"minecraft:cooked_porkchop":2,"minecraft:andesite":39,"minecraft:oak_boat":4},"minecraft:mined":{"minecraft:dark_oak_planks":2,"minecraft:stone_pressure_plate":1,"minecraft:white_bed":3,"minecraft:oak_door":1,"minecraft:jungle_leaves":5,"biomesoplenty:desert_grass":1,"duneons:sand":1,"minecraft:jungle_planks":70,"duneons:rampartbrazier":1,"minecraft:glow_lichen":1,"minecraft:granite":81,"minecraft:acacia_log":1,"duneons:driedhaybales":4,"biomesoplenty:bush":26,"minecraft:grass_block":23,"duneons:highlandtallgrass":28,"minecraft:jungle_log":201,"minecraft:sandstone":2,"biomesoplenty:dune_grass":3,"minecraft:spawner":2,"minecraft:hay_block":37,"duneons:biggrasscreeper":1,"minecraft:furnace":7,"minecraft:iron_ore":103,"minecraft:fire":1,"minecraft:andesite":307,"duneons:sand_3":1,"biomesoplenty:mahogany_leaves":3,"minecraft:vine":45,"minecraft:deepslate_iron_ore":22,"minecraft:iron_bars":1,"minecraft:lantern":17,"minecraft:stripped_jungle_log":2,"minecraft:stone":703,"minecraft:cut_sandstone":8,"minecraft:acacia_leaves":2,"minecraft:glass_pane":1,"various_world:gneiss":1,"minecraft:red_bed":11,"minecraft:blackstone":1,"minecraft:crafting_table":8,"minecraft:torch":5,"minecraft:melon":13,"minecraft:poppy":2,"duneons:sandstonebrickcracked":6,"minecraft:chest":8,"minecraft:dead_bush":2,"minecraft:copper_ore":14,"minecraft:cobblestone":37,"minecraft:lapis_ore":1,"biomesoplenty:sprout":5,"minecraft:deepslate_gold_ore":3,"minecraft:sugar_cane":1,"minecraft:oak_planks":9,"minecraft:big_dripleaf":1,"minecraft:wall_torch":9,"minecraft:blue_terracotta":1,"minecraft:jungle_wood":9,"biomesoplenty:mahogany_log":42,"duneons:sand_5":1,"minecraft:tnt":9,"duneons:highlandfern":7,"duneons:creeperwoodstallgrass":5,"minecraft:grass":50,"minecraft:oak_log":64,"minecraft:coal_ore":87,"minecraft:gravel":151,"minecraft:sand":156,"minecraft:dirt":88,"minecraft:cobweb":36,"duneons:sandcobblestone":3,"minecraft:acacia_planks":3,"minecraft:oak_leaves":10,"minecraft:deepslate":11,"minecraft:fern":35},"minecraft:broken":{"minecraft:iron_shovel":1,"minecraft:stone_pickaxe":2,"minecraft:golden_sword":1,"minecraft:iron_axe":2,"minecraft:stone_axe":1,"minecraft:iron_pickaxe":4},"minecraft:dropped":{"minecraft:iron_ingot":27,"minecraft:bread":2,"minecraft:wheat_seeds":11,"minecraft:tnt":1,"duneons:burstgale":1,"minecraft:crafting_table":2,"duneons:sandstonebrickcracked":6,"minecraft:crossbow":2,"minecraft:leather":22,"minecraft:stripped_jungle_log":1,"minecraft:dirt":40,"biomesoplenty:orange_sand":6,"minecraft:red_bed":1,"minecraft:melon_slice":1,"minecraft:cut_sandstone":3,"minecraft:sand":12,"minecraft:iron_pickaxe":3,"duneons:sandcobblestone":3,"minecraft:acacia_planks":3,"minecraft:gravel":244,"minecraft:furnace":2,"minecraft:blackstone":1,"minecraft:sugar_cane":4,"minecraft:stone_sword":1,"minecraft:raw_copper":19,"minecraft:rotten_flesh":3,"duneons:oakwoodbrew":1,"duneons:highlandfern":1,"minecraft:oak_planks":38,"minecraft:poppy":6,"minecraft:potato":1,"minecraft:shield":1,"minecraft:gunpowder":63,"duneons:driedhaybales":1,"minecraft:andesite":23,"minecraft:jungle_log":1,"minecraft:oak_boat":1,"minecraft:golden_sword":1,"minecraft:stone_pressure_plate":1,"minecraft:sandstone":1},"minecraft:picked_up":{"minecraft:wooden_axe":4,"minecraft:cocoa_beans":24,"minecraft:crafting_table":14,"minecraft:iron_chestplate":4,"minecraft:wheat":512,"minecraft:chicken":6,"various_world:anthurium_sprouted_of_magma":10,"minecraft:wooden_pickaxe":1,"duneons:outpostbricks":16,"duneons:oakwoodbrew":11,"minecraft:shield":6,"minecraft:golden_sword":2,"minecraft:red_bed":21,"minecraft:string":283,"minecraft:iron_axe":2,"minecraft:raw_copper":134,"minecraft:wooden_sword":5,"minecraft:iron_leggings":4,"minecraft:iron_shovel":3,"duneons:sandcobblestone":9,"minecraft:blackstone":1,"minecraft:gold_nugget":35,"minecraft:cobbled_deepslate":12,"minecraft:beef":66,"minecraft:oak_boat":17,"minecraft:poppy":12,"minecraft:iron_pickaxe":10,"minecraft:melon_slice":130,"minecraft:chest":12,"minecraft:sugar_cane":8,"minecraft:furnace":9,"minecraft:egg":25,"minecraft:iron_boots":4,"minecraft:stick":261,"minecraft:raw_iron":155,"minecraft:sandstone":2,"minecraft:oak_door":3,"minecraft:torch":72,"minecraft:acacia_log":1,"minecraft:carrot":249,"minecraft:stone_pressure_plate":1,"minecraft:dark_oak_planks":2,"minecraft:tnt":37,"minecraft:stone_sword":4,"minecraft:arrow":85,"minecraft:rotten_flesh":46,"minecraft:hay_block":97,"minecraft:gold_ingot":2,"biomesoplenty:orange_sand":6,"minecraft:cobblestone":1188,"minecraft:cooked_beef":71,"minecraft:feather":16,"minecraft:water_bucket":1,"minecraft:jungle_wood":9,"minecraft:jungle_log":193,"minecraft:andesite":460,"minecraft:cut_sandstone":3,"minecraft:leather":125,"minecraft:potato":1,"minecraft:filled_map":2,"duneons:burstgale":10,"minecraft:flint":31,"minecraft:oak_log":62,"minecraft:gunpowder":88,"duneons:scattermines":10,"minecraft:dirt":163,"minecraft:lantern":18,"minecraft:white_banner":1,"minecraft:bone":48,"minecraft:acacia_planks":5,"minecraft:apple":11,"minecraft:wheat_seeds":15,"minecraft:raw_gold":6,"minecraft:stone_pickaxe":3,"minecraft:iron_ingot":131,"minecraft:cooked_chicken":18,"minecraft:iron_sword":11,"duneons:sandstonebrickcracked":18,"minecraft:oak_planks":91,"duneons:rampartbrazier":10,"duneons:highlandfern":5,"minecraft:gravel":244,"minecraft:sand":168,"minecraft:jungle_planks":77,"minecraft:white_bed":3,"minecraft:spider_eye":1,"minecraft:stripped_jungle_log":4,"biomesoplenty:mahogany_log":41,"duneons:driedhaybales":7,"duneons:ravager_gatewood":5,"minecraft:stone_axe":7,"minecraft:iron_helmet":4,"minecraft:granite":66,"minecraft:crossbow":5,"duneons:ravagergatewood_3":4,"minecraft:golden_apple":1,"minecraft:emerald":76,"minecraft:bread":184,"duneons:ravagergateiron":1,"duneons:keygold":7,"minecraft:coal":111},"minecraft:crafted":{"minecraft:oak_door":3,"minecraft:oak_planks":129,"biomesoplenty:mahogany_planks":40,"minecraft:cooked_chicken":6,"minecraft:furnace":11,"minecraft:jungle_trapdoor":3,"minecraft:flint_and_steel":1,"minecraft:glass":68,"minecraft:iron_boots":1,"minecraft:iron_axe":3,"minecraft:stone_pickaxe":2,"minecraft:chest":13,"minecraft:jungle_stairs":4,"minecraft:golden_sword":1,"minecraft:wheat":63,"minecraft:cooked_beef":33,"minecraft:arrow":28,"minecraft:cooked_porkchop":2,"minecraft:crafting_table":7,"minecraft:wooden_pickaxe":1,"minecraft:iron_helmet":1,"minecraft:iron_sword":2,"minecraft:bucket":1,"minecraft:stone_axe":2,"minecraft:jungle_planks":145,"minecraft:bread":81,"minecraft:air":889,"minecraft:jungle_door":3,"minecraft:iron_chestplate":1,"minecraft:shield":1,"minecraft:stick":105,"minecraft:iron_ingot":39,"minecraft:iron_pickaxe":6,"minecraft:stone_sword":1,"minecraft:iron_shovel":2,"minecraft:iron_leggings":1,"minecraft:acacia_planks":1,"minecraft:torch":80},"minecraft:custom":{"minecraft:mob_kills":119,"minecraft:interact_with_crafting_table":51,"minecraft:leave_game":2,"minecraft:time_since_death":3310,"minecraft:climb_one_cm":24278,"minecraft:sprint_one_cm":942037,"minecraft:walk_one_cm":604758,"minecraft:damage_blocked_by_shield":650,"minecraft:drop":75,"minecraft:talked_to_villager":8,"minecraft:play_time":278197,"minecraft:deaths":12,"minecraft:sneak_time":321,"minecraft:walk_under_water_one_cm":9451,"minecraft:boat_one_cm":212409,"minecraft:jump":5681,"minecraft:interact_with_blast_furnace":14,"minecraft:walk_on_water_one_cm":53407,"minecraft:total_world_time":278197,"minecraft:interact_with_furnace":91,"minecraft:traded_with_villager":3,"minecraft:raid_trigger":1,"minecraft:sleep_in_bed":13,"minecraft:time_since_rest":3336,"minecraft:damage_taken":9522,"minecraft:damage_dealt":9353,"minecraft:player_kills":1,"minecraft:swim_one_cm":83956,"minecraft:fly_one_cm":1072552,"minecraft:open_chest":104,"minecraft:crouch_one_cm":867,"minecraft:interact_with_smoker":5,"minecraft:fall_one_cm":151179},"minecraft:killed_by":{"minecraft:player":1,"minecraft:creeper":1,"minecraft:vindicator":3,"minecraft:cave_spider":1,"mutantmonsters:mutant_skeleton":1,"minecraft:skeleton":1,"duneons:mountaineer":1},"minecraft:killed":{"minecraft:cave_spider":2,"minecraft:spider":3,"minecraft:vindicator":10,"duneons:wraith":3,"minecraft:skeleton":7,"minecraft:chicken":9,"minecraft:drowned":1,"various_world:zombie_of_various_biomes":2,"minecraft:husk":4,"minecraft:creeper":5,"duneons:mountaineer":2,"minecraft:pillager":38,"minecraft:zombie":5,"various_world:zombie_of_stony_magma":1,"minecraft:cow":23}},"DataVersion":3120}