{"stats":{"minecraft:used":{"minecraft:stone_sword":94,"minecraft:iron_shovel":171,"minecraft:chest":3,"minecraft:shield":13,"minecraft:iron_sword":250,"duneons:ravager_gatewood":1,"minecraft:oak_door":2,"minecraft:torch":25,"minecraft:dirt":1,"minecraft:jungle_planks":4,"minecraft:carrot":5,"duneons:outpostbricks":13,"duneons:rampartbrazier":1,"minecraft:golden_sword":46,"minecraft:furnace":3,"minecraft:cooked_beef":7,"minecraft:cobbled_deepslate":7,"minecraft:oak_planks":4,"minecraft:stone_pickaxe":261,"minecraft:wooden_pickaxe":7,"minecraft:sandstone":1,"minecraft:sand":1,"minecraft:crafting_table":2,"minecraft:red_bed":5,"minecraft:crossbow":7,"minecraft:bread":65,"minecraft:iron_pickaxe":298,"minecraft:stone_axe":51,"minecraft:wooden_sword":1,"minecraft:cobblestone":179,"minecraft:white_banner":1,"minecraft:cooked_porkchop":2,"minecraft:oak_boat":2},"minecraft:mined":{"minecraft:dark_oak_planks":2,"minecraft:stone_pressure_plate":1,"minecraft:oak_door":1,"duneons:sand":1,"duneons:rampartbrazier":1,"minecraft:glow_lichen":1,"minecraft:granite":17,"duneons:driedhaybales":3,"biomesoplenty:bush":26,"minecraft:grass_block":4,"duneons:highlandtallgrass":28,"minecraft:sandstone":2,"minecraft:spawner":2,"minecraft:hay_block":4,"duneons:biggrasscreeper":1,"minecraft:furnace":2,"minecraft:iron_ore":99,"minecraft:andesite":12,"duneons:sand_3":1,"minecraft:deepslate_iron_ore":22,"minecraft:stone":283,"minecraft:cut_sandstone":8,"various_world:gneiss":1,"minecraft:red_bed":4,"minecraft:blackstone":1,"minecraft:crafting_table":1,"minecraft:poppy":1,"duneons:sandstonebrickcracked":6,"minecraft:chest":2,"minecraft:dead_bush":2,"minecraft:copper_ore":5,"minecraft:cobblestone":25,"minecraft:lapis_ore":1,"biomesoplenty:sprout":2,"minecraft:deepslate_gold_ore":3,"minecraft:sugar_cane":1,"minecraft:oak_planks":1,"minecraft:blue_terracotta":1,"duneons:sand_5":1,"minecraft:tnt":9,"duneons:highlandfern":7,"duneons:creeperwoodstallgrass":5,"minecraft:grass":45,"minecraft:oak_log":39,"minecraft:coal_ore":31,"minecraft:gravel":151,"minecraft:sand":13,"minecraft:dirt":17,"minecraft:cobweb":36,"duneons:sandcobblestone":3,"minecraft:oak_leaves":10,"minecraft:deepslate":11},"minecraft:broken":{"minecraft:stone_pickaxe":2,"minecraft:golden_sword":1,"minecraft:iron_pickaxe":1},"minecraft:dropped":{"minecraft:bread":2,"minecraft:wheat_seeds":1,"duneons:burstgale":1,"duneons:sandstonebrickcracked":6,"minecraft:dirt":17,"minecraft:red_bed":1,"minecraft:cut_sandstone":3,"minecraft:sand":12,"duneons:sandcobblestone":3,"minecraft:gravel":244,"minecraft:blackstone":1,"minecraft:sugar_cane":4,"minecraft:stone_sword":1,"minecraft:raw_copper":3,"minecraft:rotten_flesh":2,"duneons:oakwoodbrew":1,"duneons:highlandfern":1,"minecraft:oak_planks":1,"minecraft:shield":1,"minecraft:andesite":23,"minecraft:oak_boat":1,"minecraft:golden_sword":1,"minecraft:stone_pressure_plate":1,"minecraft:sandstone":1},"minecraft:picked_up":{"minecraft:wooden_axe":4,"minecraft:crafting_table":3,"minecraft:iron_chestplate":1,"minecraft:wheat":512,"minecraft:chicken":6,"various_world:anthurium_sprouted_of_magma":6,"minecraft:wooden_pickaxe":1,"duneons:outpostbricks":16,"duneons:oakwoodbrew":9,"minecraft:shield":3,"minecraft:golden_sword":2,"minecraft:red_bed":12,"minecraft:string":155,"minecraft:raw_copper":89,"minecraft:wooden_sword":5,"minecraft:iron_leggings":1,"duneons:sandcobblestone":9,"minecraft:blackstone":1,"minecraft:gold_nugget":35,"minecraft:cobbled_deepslate":12,"minecraft:beef":66,"minecraft:oak_boat":13,"minecraft:poppy":6,"minecraft:iron_pickaxe":3,"minecraft:chest":2,"minecraft:sugar_cane":8,"minecraft:furnace":2,"minecraft:egg":13,"minecraft:iron_boots":1,"minecraft:stick":101,"minecraft:raw_iron":152,"minecraft:sandstone":2,"minecraft:oak_door":1,"minecraft:torch":9,"minecraft:carrot":86,"minecraft:stone_pressure_plate":1,"minecraft:dark_oak_planks":2,"minecraft:tnt":18,"minecraft:stone_sword":4,"minecraft:arrow":17,"minecraft:rotten_flesh":45,"minecraft:hay_block":4,"minecraft:gold_ingot":2,"minecraft:cobblestone":605,"minecraft:feather":7,"minecraft:andesite":78,"minecraft:cut_sandstone":3,"minecraft:leather":59,"duneons:burstgale":8,"minecraft:flint":19,"minecraft:oak_log":37,"minecraft:gunpowder":15,"duneons:scattermines":8,"minecraft:dirt":25,"minecraft:white_banner":1,"minecraft:bone":16,"minecraft:apple":11,"minecraft:wheat_seeds":4,"minecraft:raw_gold":6,"minecraft:stone_pickaxe":3,"minecraft:iron_ingot":26,"minecraft:cooked_chicken":6,"minecraft:iron_sword":5,"duneons:sandstonebrickcracked":18,"minecraft:oak_planks":31,"duneons:rampartbrazier":8,"duneons:highlandfern":5,"minecraft:gravel":244,"minecraft:sand":27,"minecraft:jungle_planks":15,"minecraft:spider_eye":1,"duneons:driedhaybales":6,"duneons:ravager_gatewood":5,"minecraft:stone_axe":6,"minecraft:iron_helmet":1,"minecraft:granite":16,"minecraft:crossbow":2,"duneons:ravagergatewood_3":4,"minecraft:emerald":6,"minecraft:bread":132,"duneons:ravagergateiron":1,"duneons:keygold":7,"minecraft:coal":31},"minecraft:crafted":{"minecraft:oak_door":3,"minecraft:oak_planks":104,"minecraft:cooked_chicken":6,"minecraft:furnace":3,"minecraft:iron_boots":1,"minecraft:stone_pickaxe":2,"minecraft:chest":3,"minecraft:golden_sword":1,"minecraft:wheat":63,"minecraft:cooked_beef":33,"minecraft:arrow":28,"minecraft:cooked_porkchop":2,"minecraft:crafting_table":1,"minecraft:wooden_pickaxe":1,"minecraft:iron_helmet":1,"minecraft:iron_sword":2,"minecraft:stone_axe":1,"minecraft:bread":63,"minecraft:air":0,"minecraft:iron_chestplate":1,"minecraft:stick":92,"minecraft:iron_ingot":36,"minecraft:iron_pickaxe":2,"minecraft:stone_sword":1,"minecraft:iron_shovel":1,"minecraft:iron_leggings":1,"minecraft:torch":32},"minecraft:custom":{"minecraft:mob_kills":64,"minecraft:interact_with_crafting_table":32,"minecraft:leave_game":2,"minecraft:time_since_death":32042,"minecraft:climb_one_cm":892,"minecraft:sprint_one_cm":555500,"minecraft:walk_one_cm":282944,"minecraft:damage_blocked_by_shield":650,"minecraft:drop":34,"minecraft:play_time":152197,"minecraft:deaths":9,"minecraft:sneak_time":42,"minecraft:walk_under_water_one_cm":2746,"minecraft:boat_one_cm":119072,"minecraft:jump":2997,"minecraft:interact_with_blast_furnace":14,"minecraft:walk_on_water_one_cm":22444,"minecraft:total_world_time":152197,"minecraft:interact_with_furnace":60,"minecraft:sleep_in_bed":7,"minecraft:time_since_rest":2504,"minecraft:damage_taken":6761,"minecraft:damage_dealt":7941,"minecraft:player_kills":1,"minecraft:swim_one_cm":62019,"minecraft:fly_one_cm":595532,"minecraft:open_chest":30,"minecraft:crouch_one_cm":18,"minecraft:interact_with_smoker":4,"minecraft:fall_one_cm":80852},"minecraft:killed_by":{"minecraft:player":1,"minecraft:vindicator":2,"minecraft:cave_spider":1,"mutantmonsters:mutant_skeleton":1,"minecraft:skeleton":1,"duneons:mountaineer":1},"minecraft:killed":{"minecraft:cave_spider":2,"minecraft:spider":3,"minecraft:vindicator":1,"duneons:wraith":2,"minecraft:skeleton":2,"minecraft:chicken":6,"various_world:zombie_of_various_biomes":2,"minecraft:husk":3,"duneons:mountaineer":2,"minecraft:pillager":11,"minecraft:zombie":4,"various_world:zombie_of_stony_magma":1,"minecraft:cow":22}},"DataVersion":3120}