{"stats":{"minecraft:used":{"minecraft:iron_shovel":401,"minecraft:shield":13,"minecraft:chest":19,"minecraft:iron_sword":371,"duneons:ravager_gatewood":1,"minecraft:iron_chestplate":1,"securitycraft:keypad_item":2,"minecraft:jungle_planks":495,"minecraft:carrot":33,"duneons:outpostbricks":13,"minecraft:glass":33,"minecraft:lantern":12,"duneons:rampartbrazier":1,"minecraft:golden_sword":46,"minecraft:furnace":16,"minecraft:stone_pickaxe":261,"minecraft:oak_planks":58,"minecraft:wooden_pickaxe":7,"minecraft:sandstone":1,"minecraft:sand":1,"minecraft:crossbow":7,"minecraft:bread":65,"minecraft:melon_slice":1,"minecraft:gravel":46,"minecraft:wooden_sword":1,"minecraft:andesite":39,"minecraft:oak_boat":4,"minecraft:stone_sword":94,"minecraft:flint_and_steel":6,"minecraft:oak_door":2,"minecraft:torch":115,"minecraft:dirt":16,"minecraft:granite":2,"minecraft:iron_axe":297,"minecraft:jungle_log":68,"minecraft:iron_boots":2,"minecraft:cobbled_deepslate":7,"minecraft:cooked_beef":38,"minecraft:acacia_planks":6,"minecraft:water_bucket":23,"biomesoplenty:mahogany_log":1,"minecraft:tnt":6,"minecraft:crafting_table":14,"minecraft:red_bed":12,"minecraft:white_bed":3,"minecraft:stripped_jungle_log":1,"minecraft:iron_pickaxe":1373,"minecraft:jungle_stairs":16,"minecraft:stone_axe":208,"minecraft:cobblestone":348,"minecraft:white_banner":1,"minecraft:cooked_porkchop":2,"minecraft:jungle_door":2,"minecraft:bucket":24},"minecraft:mined":{"minecraft:dark_oak_planks":2,"minecraft:stone_pressure_plate":1,"minecraft:white_bed":3,"minecraft:jungle_leaves":6,"duneons:rampartbrazier":1,"minecraft:granite":87,"minecraft:acacia_log":1,"minecraft:grass_block":24,"minecraft:jungle_log":201,"minecraft:spawner":2,"duneons:biggrasscreeper":1,"minecraft:iron_ore":134,"minecraft:fire":1,"minecraft:deepslate_lapis_ore":2,"minecraft:iron_bars":1,"minecraft:cut_sandstone":8,"minecraft:blackstone":1,"minecraft:red_bed":11,"various_world:gneiss":1,"minecraft:torch":5,"minecraft:poppy":2,"minecraft:melon":13,"minecraft:chest":8,"minecraft:dead_bush":2,"minecraft:glass":2,"minecraft:cobblestone":37,"minecraft:oak_planks":9,"minecraft:sugar_cane":1,"minecraft:wall_torch":10,"minecraft:blue_terracotta":1,"minecraft:jungle_wood":9,"duneons:sand_5":1,"minecraft:tnt":9,"duneons:creeperwoodstallgrass":5,"minecraft:grass":58,"minecraft:oak_log":64,"minecraft:sand":156,"minecraft:dirt":95,"duneons:lobbydirtystone":1,"minecraft:oak_leaves":10,"minecraft:deepslate":11,"minecraft:oak_door":1,"biomesoplenty:desert_grass":1,"duneons:sand":1,"minecraft:glow_lichen":1,"biomesoplenty:bush":26,"duneons:driedhaybales":4,"minecraft:jungle_planks":71,"duneons:highlandtallgrass":28,"minecraft:sandstone":2,"biomesoplenty:dune_grass":3,"minecraft:hay_block":37,"minecraft:furnace":7,"minecraft:andesite":316,"duneons:sand_3":1,"minecraft:deepslate_iron_ore":28,"minecraft:vine":48,"biomesoplenty:mahogany_leaves":3,"minecraft:lantern":17,"minecraft:stripped_jungle_log":2,"minecraft:stone":771,"minecraft:acacia_leaves":2,"minecraft:glass_pane":1,"minecraft:crafting_table":8,"duneons:sandstonebrickcracked":6,"minecraft:copper_ore":16,"minecraft:deepslate_gold_ore":3,"biomesoplenty:sprout":5,"minecraft:lapis_ore":4,"minecraft:big_dripleaf":1,"biomesoplenty:mahogany_log":42,"duneons:highlandfern":7,"minecraft:coal_ore":112,"minecraft:gravel":201,"minecraft:cobweb":36,"duneons:sandcobblestone":3,"minecraft:acacia_planks":3,"minecraft:fern":41},"minecraft:broken":{"minecraft:iron_shovel":1,"minecraft:stone_pickaxe":2,"minecraft:golden_sword":1,"minecraft:stone_axe":1,"minecraft:iron_axe":2,"minecraft:iron_pickaxe":5},"minecraft:dropped":{"minecraft:iron_sword":1,"minecraft:lapis_lazuli":1,"duneons:burstgale":1,"minecraft:crafting_table":2,"minecraft:crossbow":2,"minecraft:leather":22,"minecraft:jungle_planks":2,"minecraft:dirt":40,"minecraft:red_bed":1,"minecraft:cut_sandstone":3,"minecraft:sand":12,"minecraft:iron_pickaxe":3,"duneons:sandcobblestone":3,"minecraft:gravel":244,"minecraft:blackstone":1,"minecraft:sugar_cane":4,"minecraft:rotten_flesh":3,"minecraft:oak_planks":38,"minecraft:poppy":6,"minecraft:gunpowder":63,"minecraft:jungle_log":1,"minecraft:iron_ingot":27,"minecraft:bread":2,"minecraft:wheat_seeds":12,"minecraft:tnt":1,"duneons:sandstonebrickcracked":6,"minecraft:iron_helmet":1,"minecraft:stripped_jungle_log":1,"biomesoplenty:orange_sand":6,"minecraft:melon_slice":1,"minecraft:iron_leggings":1,"minecraft:iron_axe":1,"minecraft:acacia_planks":3,"minecraft:furnace":2,"minecraft:stone_sword":1,"minecraft:raw_copper":19,"duneons:highlandfern":1,"duneons:oakwoodbrew":1,"minecraft:iron_boots":1,"minecraft:potato":1,"minecraft:shield":1,"duneons:driedhaybales":1,"minecraft:andesite":23,"minecraft:oak_boat":1,"minecraft:golden_sword":1,"minecraft:stone_pressure_plate":1,"minecraft:sandstone":1},"minecraft:picked_up":{"minecraft:wooden_axe":4,"minecraft:iron_chestplate":4,"securitycraft:keypad_item":2,"minecraft:wheat":512,"duneons:lobbydirtystone":1,"various_world:anthurium_sprouted_of_magma":10,"minecraft:lead":5,"duneons:oakwoodbrew":11,"minecraft:golden_sword":2,"minecraft:string":284,"minecraft:raw_copper":142,"minecraft:iron_leggings":5,"minecraft:gold_nugget":35,"minecraft:cobbled_deepslate":12,"minecraft:iron_pickaxe":10,"minecraft:melon_slice":130,"minecraft:iron_boots":5,"minecraft:furnace":9,"minecraft:stick":261,"minecraft:torch":78,"minecraft:acacia_log":1,"minecraft:stone_sword":4,"minecraft:rotten_flesh":47,"minecraft:cobblestone":1256,"minecraft:feather":17,"minecraft:cooked_beef":71,"minecraft:andesite":469,"minecraft:water_bucket":1,"minecraft:jungle_log":194,"minecraft:jungle_wood":9,"minecraft:potato":1,"duneons:burstgale":11,"minecraft:flint":35,"duneons:scattermines":10,"minecraft:lapis_lazuli":32,"minecraft:dirt":173,"minecraft:lantern":18,"minecraft:bone":53,"minecraft:acacia_planks":5,"minecraft:wheat_seeds":17,"minecraft:raw_gold":6,"duneons:sandstonebrickcracked":18,"minecraft:oak_planks":91,"minecraft:jungle_planks":80,"minecraft:sand":168,"minecraft:ink_sac":3,"duneons:driedhaybales":7,"duneons:ravager_gatewood":5,"minecraft:crossbow":5,"minecraft:granite":72,"duneons:ravagergatewood_3":4,"minecraft:golden_apple":1,"minecraft:bread":184,"minecraft:emerald":103,"minecraft:cocoa_beans":24,"minecraft:crafting_table":14,"minecraft:chicken":6,"minecraft:wooden_pickaxe":1,"duneons:outpostbricks":16,"minecraft:shield":6,"minecraft:jungle_trapdoor":2,"minecraft:red_bed":21,"minecraft:iron_axe":2,"minecraft:wooden_sword":5,"minecraft:iron_shovel":3,"duneons:sandcobblestone":9,"minecraft:blackstone":1,"minecraft:beef":74,"minecraft:oak_boat":17,"minecraft:poppy":12,"minecraft:sugar_cane":8,"minecraft:chest":12,"minecraft:egg":25,"minecraft:raw_iron":192,"minecraft:sandstone":2,"minecraft:oak_door":3,"minecraft:carrot":249,"minecraft:stone_pressure_plate":1,"minecraft:dark_oak_planks":2,"minecraft:tnt":37,"minecraft:arrow":96,"minecraft:hay_block":97,"minecraft:gold_ingot":2,"biomesoplenty:orange_sand":6,"minecraft:leather":129,"minecraft:cut_sandstone":3,"minecraft:filled_map":2,"minecraft:oak_log":62,"minecraft:gunpowder":91,"minecraft:white_banner":2,"minecraft:apple":11,"minecraft:iron_ingot":131,"minecraft:stone_pickaxe":3,"minecraft:cooked_chicken":18,"minecraft:iron_sword":12,"duneons:rampartbrazier":10,"minecraft:gravel":290,"duneons:highlandfern":5,"minecraft:white_bed":3,"minecraft:spider_eye":2,"minecraft:stripped_jungle_log":4,"biomesoplenty:mahogany_log":41,"minecraft:stone_axe":8,"minecraft:iron_helmet":4,"duneons:ravagergateiron":1,"duneons:keygold":7,"minecraft:coal":136},"minecraft:crafted":{"minecraft:oak_planks":129,"minecraft:cooked_chicken":6,"minecraft:glass":117,"minecraft:iron_boots":2,"minecraft:chest":13,"minecraft:jungle_stairs":4,"minecraft:golden_sword":1,"minecraft:arrow":34,"minecraft:cooked_porkchop":2,"minecraft:crafting_table":7,"minecraft:wooden_pickaxe":1,"minecraft:iron_helmet":3,"minecraft:iron_chestplate":1,"minecraft:shield":1,"minecraft:stick":105,"minecraft:iron_ingot":76,"minecraft:iron_pickaxe":8,"minecraft:stone_sword":1,"minecraft:oak_door":3,"biomesoplenty:mahogany_planks":40,"minecraft:furnace":11,"minecraft:jungle_trapdoor":3,"minecraft:bone_meal":6,"minecraft:flint_and_steel":1,"minecraft:iron_axe":3,"minecraft:stone_pickaxe":2,"minecraft:wheat":63,"minecraft:cooked_beef":41,"simplybackpacks:commonbackpack":1,"minecraft:iron_sword":2,"minecraft:bucket":1,"minecraft:stone_axe":2,"minecraft:bread":81,"minecraft:air":958,"minecraft:jungle_planks":145,"minecraft:jungle_door":3,"minecraft:white_dye":2,"minecraft:iron_shovel":2,"minecraft:iron_leggings":1,"minecraft:acacia_planks":1,"minecraft:torch":118},"minecraft:custom":{"minecraft:interact_with_crafting_table":66,"minecraft:leave_game":3,"minecraft:time_since_death":52191,"minecraft:sprint_one_cm":1116150,"minecraft:damage_blocked_by_shield":650,"minecraft:drop":84,"minecraft:talked_to_villager":18,"minecraft:play_time":327078,"minecraft:deaths":12,"minecraft:jump":6726,"minecraft:walk_on_water_one_cm":63398,"minecraft:interact_with_furnace":120,"minecraft:traded_with_villager":3,"minecraft:sleep_in_bed":14,"minecraft:damage_dealt":10511,"minecraft:player_kills":2,"minecraft:crouch_one_cm":1141,"minecraft:interact_with_smoker":5,"minecraft:horse_one_cm":2612,"minecraft:mob_kills":142,"minecraft:climb_one_cm":28257,"minecraft:walk_one_cm":684996,"minecraft:sneak_time":629,"minecraft:walk_under_water_one_cm":17405,"minecraft:boat_one_cm":212409,"minecraft:interact_with_blast_furnace":14,"minecraft:total_world_time":327078,"minecraft:raid_trigger":1,"minecraft:time_since_rest":29679,"minecraft:damage_taken":10649,"minecraft:swim_one_cm":121129,"minecraft:fly_one_cm":1284101,"minecraft:open_chest":172,"minecraft:fall_one_cm":172658},"minecraft:killed_by":{"minecraft:creeper":1,"minecraft:vindicator":3,"minecraft:cave_spider":1,"minecraft:player":1,"mutantmonsters:mutant_skeleton":1,"minecraft:skeleton":1,"duneons:mountaineer":1},"minecraft:killed":{"minecraft:cave_spider":2,"minecraft:spider":4,"duneons:wraith":3,"minecraft:skeleton":10,"minecraft:chicken":9,"minecraft:parrot":1,"minecraft:creeper":8,"duneons:mountaineer":2,"minecraft:pillager":43,"minecraft:zombie":9,"various_world:zombie_of_stony_magma":1,"minecraft:cow":27,"minecraft:vindicator":10,"minecraft:drowned":1,"various_world:zombie_of_various_biomes":2,"minecraft:husk":4,"minecraft:wandering_trader":1,"minecraft:squid":1}},"DataVersion":3120}