{"stats":{"minecraft:used":{"minecraft:stone_sword":94,"minecraft:iron_shovel":338,"minecraft:flint_and_steel":5,"minecraft:chest":5,"minecraft:shield":13,"minecraft:iron_sword":319,"duneons:ravager_gatewood":1,"minecraft:oak_door":2,"minecraft:torch":42,"minecraft:dirt":8,"minecraft:jungle_planks":408,"minecraft:carrot":5,"duneons:outpostbricks":13,"minecraft:glass":30,"minecraft:iron_axe":128,"minecraft:jungle_log":68,"duneons:rampartbrazier":1,"minecraft:iron_boots":1,"minecraft:golden_sword":46,"minecraft:furnace":11,"minecraft:acacia_planks":6,"minecraft:cooked_beef":24,"minecraft:cobbled_deepslate":7,"minecraft:water_bucket":21,"minecraft:oak_planks":4,"minecraft:stone_pickaxe":261,"minecraft:wooden_pickaxe":7,"minecraft:sandstone":1,"biomesoplenty:mahogany_log":1,"minecraft:sand":1,"minecraft:tnt":6,"minecraft:crafting_table":4,"minecraft:red_bed":8,"minecraft:crossbow":7,"minecraft:stripped_jungle_log":1,"minecraft:melon_slice":1,"minecraft:bread":65,"minecraft:iron_pickaxe":1005,"minecraft:stone_axe":208,"minecraft:wooden_sword":1,"minecraft:cobblestone":209,"minecraft:bucket":21,"minecraft:white_banner":1,"minecraft:cooked_porkchop":2,"minecraft:andesite":39,"minecraft:oak_boat":4},"minecraft:mined":{"minecraft:dark_oak_planks":2,"minecraft:stone_pressure_plate":1,"minecraft:oak_door":1,"minecraft:jungle_leaves":2,"biomesoplenty:desert_grass":1,"duneons:sand":1,"minecraft:jungle_planks":14,"duneons:rampartbrazier":1,"minecraft:glow_lichen":1,"minecraft:granite":79,"minecraft:acacia_log":1,"duneons:driedhaybales":4,"biomesoplenty:bush":26,"minecraft:grass_block":16,"duneons:highlandtallgrass":28,"minecraft:jungle_log":179,"minecraft:sandstone":2,"biomesoplenty:dune_grass":3,"minecraft:spawner":2,"minecraft:hay_block":37,"duneons:biggrasscreeper":1,"minecraft:furnace":6,"minecraft:iron_ore":101,"minecraft:andesite":302,"duneons:sand_3":1,"biomesoplenty:mahogany_leaves":2,"minecraft:vine":31,"minecraft:deepslate_iron_ore":22,"minecraft:iron_bars":1,"minecraft:stripped_jungle_log":2,"minecraft:stone":593,"minecraft:cut_sandstone":8,"minecraft:acacia_leaves":2,"various_world:gneiss":1,"minecraft:red_bed":6,"minecraft:blackstone":1,"minecraft:crafting_table":1,"minecraft:torch":1,"minecraft:melon":13,"minecraft:poppy":1,"duneons:sandstonebrickcracked":6,"minecraft:chest":2,"minecraft:dead_bush":2,"minecraft:copper_ore":13,"minecraft:cobblestone":36,"minecraft:lapis_ore":1,"biomesoplenty:sprout":5,"minecraft:deepslate_gold_ore":3,"minecraft:sugar_cane":1,"minecraft:oak_planks":1,"minecraft:big_dripleaf":1,"minecraft:wall_torch":7,"minecraft:blue_terracotta":1,"minecraft:jungle_wood":9,"biomesoplenty:mahogany_log":20,"duneons:sand_5":1,"minecraft:tnt":9,"duneons:highlandfern":7,"duneons:creeperwoodstallgrass":5,"minecraft:grass":49,"minecraft:oak_log":39,"minecraft:coal_ore":31,"minecraft:gravel":151,"minecraft:sand":156,"minecraft:dirt":60,"minecraft:cobweb":36,"duneons:sandcobblestone":3,"minecraft:acacia_planks":3,"minecraft:oak_leaves":10,"minecraft:deepslate":11,"minecraft:fern":30},"minecraft:broken":{"minecraft:iron_shovel":1,"minecraft:stone_pickaxe":2,"minecraft:golden_sword":1,"minecraft:iron_axe":1,"minecraft:stone_axe":1,"minecraft:iron_pickaxe":3},"minecraft:dropped":{"minecraft:iron_ingot":27,"minecraft:bread":2,"minecraft:wheat_seeds":11,"minecraft:tnt":1,"duneons:burstgale":1,"minecraft:crafting_table":2,"duneons:sandstonebrickcracked":6,"minecraft:crossbow":2,"minecraft:leather":22,"minecraft:stripped_jungle_log":1,"minecraft:dirt":40,"biomesoplenty:orange_sand":6,"minecraft:red_bed":1,"minecraft:melon_slice":1,"minecraft:cut_sandstone":3,"minecraft:sand":12,"duneons:sandcobblestone":3,"minecraft:acacia_planks":3,"minecraft:gravel":244,"minecraft:furnace":2,"minecraft:blackstone":1,"minecraft:sugar_cane":4,"minecraft:stone_sword":1,"minecraft:raw_copper":19,"minecraft:rotten_flesh":2,"duneons:oakwoodbrew":1,"duneons:highlandfern":1,"minecraft:oak_planks":38,"minecraft:poppy":6,"minecraft:potato":1,"minecraft:shield":1,"minecraft:gunpowder":63,"duneons:driedhaybales":1,"minecraft:andesite":23,"minecraft:jungle_log":1,"minecraft:oak_boat":1,"minecraft:golden_sword":1,"minecraft:stone_pressure_plate":1,"minecraft:sandstone":1},"minecraft:picked_up":{"minecraft:wooden_axe":4,"minecraft:cocoa_beans":15,"minecraft:crafting_table":6,"minecraft:iron_chestplate":3,"minecraft:wheat":512,"minecraft:chicken":6,"various_world:anthurium_sprouted_of_magma":10,"minecraft:wooden_pickaxe":1,"duneons:outpostbricks":16,"duneons:oakwoodbrew":11,"minecraft:shield":5,"minecraft:golden_sword":2,"minecraft:red_bed":16,"minecraft:string":283,"minecraft:iron_axe":1,"minecraft:raw_copper":131,"minecraft:wooden_sword":5,"minecraft:iron_leggings":3,"minecraft:iron_shovel":2,"duneons:sandcobblestone":9,"minecraft:blackstone":1,"minecraft:gold_nugget":35,"minecraft:cobbled_deepslate":12,"minecraft:beef":66,"minecraft:oak_boat":17,"minecraft:poppy":12,"minecraft:iron_pickaxe":5,"minecraft:melon_slice":130,"minecraft:chest":6,"minecraft:sugar_cane":8,"minecraft:furnace":8,"minecraft:egg":25,"minecraft:iron_boots":3,"minecraft:stick":221,"minecraft:raw_iron":153,"minecraft:sandstone":2,"minecraft:oak_door":3,"minecraft:torch":33,"minecraft:acacia_log":1,"minecraft:carrot":206,"minecraft:stone_pressure_plate":1,"minecraft:dark_oak_planks":2,"minecraft:tnt":37,"minecraft:stone_sword":4,"minecraft:arrow":70,"minecraft:rotten_flesh":45,"minecraft:hay_block":97,"minecraft:gold_ingot":2,"biomesoplenty:orange_sand":6,"minecraft:cobblestone":1026,"minecraft:cooked_beef":60,"minecraft:feather":16,"minecraft:jungle_wood":9,"minecraft:jungle_log":171,"minecraft:andesite":449,"minecraft:cut_sandstone":3,"minecraft:leather":125,"minecraft:potato":1,"minecraft:filled_map":2,"duneons:burstgale":10,"minecraft:flint":31,"minecraft:oak_log":37,"minecraft:gunpowder":84,"duneons:scattermines":10,"minecraft:dirt":128,"minecraft:white_banner":1,"minecraft:bone":46,"minecraft:acacia_planks":5,"minecraft:apple":11,"minecraft:wheat_seeds":14,"minecraft:raw_gold":6,"minecraft:stone_pickaxe":3,"minecraft:iron_ingot":129,"minecraft:cooked_chicken":18,"minecraft:iron_sword":9,"duneons:sandstonebrickcracked":18,"minecraft:oak_planks":83,"duneons:rampartbrazier":10,"duneons:highlandfern":5,"minecraft:gravel":244,"minecraft:sand":168,"minecraft:jungle_planks":29,"minecraft:spider_eye":1,"minecraft:stripped_jungle_log":4,"biomesoplenty:mahogany_log":20,"duneons:driedhaybales":7,"duneons:ravager_gatewood":5,"minecraft:stone_axe":7,"minecraft:iron_helmet":3,"minecraft:granite":64,"minecraft:crossbow":5,"duneons:ravagergatewood_3":4,"minecraft:golden_apple":1,"minecraft:emerald":76,"minecraft:bread":184,"duneons:ravagergateiron":1,"duneons:keygold":7,"minecraft:coal":31},"minecraft:crafted":{"minecraft:oak_door":3,"minecraft:oak_planks":104,"biomesoplenty:mahogany_planks":19,"minecraft:cooked_chicken":6,"minecraft:furnace":11,"minecraft:flint_and_steel":1,"minecraft:glass":44,"minecraft:iron_boots":1,"minecraft:iron_axe":1,"minecraft:stone_pickaxe":2,"minecraft:chest":3,"minecraft:golden_sword":1,"minecraft:wheat":63,"minecraft:cooked_beef":33,"minecraft:arrow":28,"minecraft:cooked_porkchop":2,"minecraft:crafting_table":3,"minecraft:wooden_pickaxe":1,"minecraft:iron_helmet":1,"minecraft:iron_sword":2,"minecraft:bucket":1,"minecraft:stone_axe":2,"minecraft:jungle_planks":123,"minecraft:bread":81,"minecraft:air":525,"minecraft:iron_chestplate":1,"minecraft:stick":92,"minecraft:iron_ingot":36,"minecraft:iron_pickaxe":4,"minecraft:stone_sword":1,"minecraft:iron_shovel":2,"minecraft:iron_leggings":1,"minecraft:acacia_planks":1,"minecraft:torch":32},"minecraft:custom":{"minecraft:mob_kills":114,"minecraft:interact_with_crafting_table":42,"minecraft:leave_game":2,"minecraft:time_since_death":46134,"minecraft:climb_one_cm":13571,"minecraft:sprint_one_cm":816135,"minecraft:walk_one_cm":487642,"minecraft:damage_blocked_by_shield":650,"minecraft:drop":71,"minecraft:talked_to_villager":8,"minecraft:play_time":236197,"minecraft:deaths":11,"minecraft:sneak_time":187,"minecraft:walk_under_water_one_cm":4886,"minecraft:boat_one_cm":212409,"minecraft:jump":4858,"minecraft:interact_with_blast_furnace":14,"minecraft:walk_on_water_one_cm":46857,"minecraft:total_world_time":236197,"minecraft:interact_with_furnace":79,"minecraft:traded_with_villager":3,"minecraft:raid_trigger":1,"minecraft:sleep_in_bed":11,"minecraft:time_since_rest":5181,"minecraft:damage_taken":8622,"minecraft:damage_dealt":9013,"minecraft:player_kills":1,"minecraft:swim_one_cm":73024,"minecraft:fly_one_cm":944049,"minecraft:open_chest":53,"minecraft:crouch_one_cm":420,"minecraft:interact_with_smoker":5,"minecraft:fall_one_cm":129844},"minecraft:killed_by":{"minecraft:player":1,"minecraft:creeper":1,"minecraft:vindicator":3,"minecraft:cave_spider":1,"mutantmonsters:mutant_skeleton":1,"minecraft:skeleton":1,"duneons:mountaineer":1},"minecraft:killed":{"minecraft:cave_spider":2,"minecraft:spider":3,"minecraft:vindicator":10,"duneons:wraith":3,"minecraft:skeleton":4,"minecraft:chicken":9,"minecraft:drowned":1,"various_world:zombie_of_various_biomes":2,"minecraft:husk":4,"minecraft:creeper":4,"duneons:mountaineer":2,"minecraft:pillager":38,"minecraft:zombie":5,"various_world:zombie_of_stony_magma":1,"minecraft:cow":23}},"DataVersion":3120}