{"stats":{"minecraft:used":{"minecraft:stone_sword":94,"minecraft:iron_shovel":171,"minecraft:chest":3,"minecraft:shield":13,"minecraft:iron_sword":272,"duneons:ravager_gatewood":1,"minecraft:oak_door":2,"minecraft:torch":27,"minecraft:dirt":1,"minecraft:jungle_planks":4,"minecraft:carrot":5,"duneons:outpostbricks":13,"minecraft:iron_axe":2,"duneons:rampartbrazier":1,"minecraft:golden_sword":46,"minecraft:furnace":3,"minecraft:acacia_planks":6,"minecraft:cooked_beef":14,"minecraft:cobbled_deepslate":7,"minecraft:oak_planks":4,"minecraft:stone_pickaxe":261,"minecraft:wooden_pickaxe":7,"minecraft:sandstone":1,"minecraft:sand":1,"minecraft:crafting_table":2,"minecraft:red_bed":5,"minecraft:crossbow":7,"minecraft:bread":65,"minecraft:iron_pickaxe":301,"minecraft:stone_axe":75,"minecraft:wooden_sword":1,"minecraft:cobblestone":207,"minecraft:white_banner":1,"minecraft:cooked_porkchop":2,"minecraft:oak_boat":4},"minecraft:mined":{"minecraft:dark_oak_planks":2,"minecraft:stone_pressure_plate":1,"minecraft:oak_door":1,"biomesoplenty:desert_grass":1,"duneons:sand":1,"duneons:rampartbrazier":1,"minecraft:glow_lichen":1,"minecraft:granite":17,"minecraft:acacia_log":1,"duneons:driedhaybales":4,"biomesoplenty:bush":26,"minecraft:grass_block":4,"duneons:highlandtallgrass":28,"minecraft:sandstone":2,"minecraft:spawner":2,"minecraft:hay_block":33,"duneons:biggrasscreeper":1,"minecraft:furnace":2,"minecraft:iron_ore":99,"minecraft:andesite":12,"duneons:sand_3":1,"minecraft:deepslate_iron_ore":22,"minecraft:stone":283,"minecraft:cut_sandstone":8,"minecraft:acacia_leaves":2,"various_world:gneiss":1,"minecraft:red_bed":4,"minecraft:blackstone":1,"minecraft:crafting_table":1,"minecraft:poppy":1,"duneons:sandstonebrickcracked":6,"minecraft:chest":2,"minecraft:dead_bush":2,"minecraft:copper_ore":5,"minecraft:cobblestone":26,"minecraft:lapis_ore":1,"biomesoplenty:sprout":5,"minecraft:deepslate_gold_ore":3,"minecraft:sugar_cane":1,"minecraft:oak_planks":1,"minecraft:wall_torch":2,"minecraft:blue_terracotta":1,"duneons:sand_5":1,"minecraft:tnt":9,"duneons:highlandfern":7,"duneons:creeperwoodstallgrass":5,"minecraft:grass":45,"minecraft:oak_log":39,"minecraft:coal_ore":31,"minecraft:gravel":151,"minecraft:sand":13,"minecraft:dirt":17,"minecraft:cobweb":36,"duneons:sandcobblestone":3,"minecraft:acacia_planks":3,"minecraft:oak_leaves":10,"minecraft:deepslate":11},"minecraft:broken":{"minecraft:stone_pickaxe":2,"minecraft:golden_sword":1,"minecraft:iron_pickaxe":1},"minecraft:dropped":{"minecraft:bread":2,"minecraft:wheat_seeds":1,"duneons:burstgale":1,"minecraft:crafting_table":2,"duneons:sandstonebrickcracked":6,"minecraft:crossbow":2,"minecraft:leather":22,"minecraft:dirt":17,"minecraft:red_bed":1,"minecraft:cut_sandstone":3,"minecraft:sand":12,"duneons:sandcobblestone":3,"minecraft:gravel":244,"minecraft:blackstone":1,"minecraft:sugar_cane":4,"minecraft:stone_sword":1,"minecraft:raw_copper":19,"minecraft:rotten_flesh":2,"duneons:oakwoodbrew":1,"duneons:highlandfern":1,"minecraft:oak_planks":1,"minecraft:poppy":6,"minecraft:potato":1,"minecraft:shield":1,"minecraft:gunpowder":42,"duneons:driedhaybales":1,"minecraft:andesite":23,"minecraft:oak_boat":1,"minecraft:golden_sword":1,"minecraft:stone_pressure_plate":1,"minecraft:sandstone":1},"minecraft:picked_up":{"minecraft:wooden_axe":4,"minecraft:crafting_table":6,"minecraft:iron_chestplate":2,"minecraft:wheat":512,"minecraft:chicken":6,"various_world:anthurium_sprouted_of_magma":8,"minecraft:wooden_pickaxe":1,"duneons:outpostbricks":16,"duneons:oakwoodbrew":10,"minecraft:shield":4,"minecraft:golden_sword":2,"minecraft:red_bed":13,"minecraft:string":219,"minecraft:iron_axe":1,"minecraft:raw_copper":89,"minecraft:wooden_sword":5,"minecraft:iron_leggings":2,"minecraft:iron_shovel":1,"duneons:sandcobblestone":9,"minecraft:blackstone":1,"minecraft:gold_nugget":35,"minecraft:cobbled_deepslate":12,"minecraft:beef":66,"minecraft:oak_boat":16,"minecraft:poppy":12,"minecraft:iron_pickaxe":4,"minecraft:chest":4,"minecraft:sugar_cane":8,"minecraft:furnace":4,"minecraft:egg":19,"minecraft:iron_boots":2,"minecraft:stick":164,"minecraft:raw_iron":152,"minecraft:sandstone":2,"minecraft:oak_door":3,"minecraft:torch":19,"minecraft:acacia_log":1,"minecraft:carrot":163,"minecraft:stone_pressure_plate":1,"minecraft:dark_oak_planks":2,"minecraft:tnt":27,"minecraft:stone_sword":4,"minecraft:arrow":52,"minecraft:rotten_flesh":45,"minecraft:hay_block":60,"minecraft:gold_ingot":2,"minecraft:cobblestone":620,"minecraft:cooked_beef":37,"minecraft:feather":7,"minecraft:andesite":78,"minecraft:cut_sandstone":3,"minecraft:leather":103,"minecraft:potato":1,"minecraft:filled_map":1,"duneons:burstgale":9,"minecraft:flint":25,"minecraft:oak_log":37,"minecraft:gunpowder":84,"duneons:scattermines":9,"minecraft:dirt":25,"minecraft:white_banner":1,"minecraft:bone":31,"minecraft:acacia_planks":4,"minecraft:apple":11,"minecraft:wheat_seeds":4,"minecraft:raw_gold":6,"minecraft:stone_pickaxe":3,"minecraft:iron_ingot":103,"minecraft:cooked_chicken":12,"minecraft:iron_sword":7,"duneons:sandstonebrickcracked":18,"minecraft:oak_planks":46,"duneons:rampartbrazier":9,"duneons:highlandfern":5,"minecraft:gravel":244,"minecraft:sand":27,"minecraft:jungle_planks":15,"minecraft:spider_eye":1,"duneons:driedhaybales":7,"duneons:ravager_gatewood":5,"minecraft:stone_axe":6,"minecraft:iron_helmet":2,"minecraft:granite":16,"minecraft:crossbow":5,"duneons:ravagergatewood_3":4,"minecraft:emerald":48,"minecraft:bread":158,"duneons:ravagergateiron":1,"duneons:keygold":7,"minecraft:coal":31},"minecraft:crafted":{"minecraft:oak_door":3,"minecraft:oak_planks":104,"minecraft:cooked_chicken":6,"minecraft:furnace":3,"minecraft:iron_boots":1,"minecraft:stone_pickaxe":2,"minecraft:chest":3,"minecraft:golden_sword":1,"minecraft:wheat":63,"minecraft:cooked_beef":33,"minecraft:arrow":28,"minecraft:cooked_porkchop":2,"minecraft:crafting_table":1,"minecraft:wooden_pickaxe":1,"minecraft:iron_helmet":1,"minecraft:iron_sword":2,"minecraft:stone_axe":1,"minecraft:bread":81,"minecraft:air":4,"minecraft:iron_chestplate":1,"minecraft:stick":92,"minecraft:iron_ingot":36,"minecraft:iron_pickaxe":2,"minecraft:stone_sword":1,"minecraft:iron_shovel":1,"minecraft:iron_leggings":1,"minecraft:acacia_planks":1,"minecraft:torch":32},"minecraft:custom":{"minecraft:mob_kills":107,"minecraft:interact_with_crafting_table":33,"minecraft:leave_game":2,"minecraft:time_since_death":7276,"minecraft:climb_one_cm":892,"minecraft:sprint_one_cm":662123,"minecraft:walk_one_cm":342154,"minecraft:damage_blocked_by_shield":650,"minecraft:drop":44,"minecraft:talked_to_villager":1,"minecraft:play_time":176197,"minecraft:deaths":10,"minecraft:sneak_time":86,"minecraft:walk_under_water_one_cm":3260,"minecraft:boat_one_cm":212409,"minecraft:jump":3744,"minecraft:interact_with_blast_furnace":14,"minecraft:walk_on_water_one_cm":25959,"minecraft:total_world_time":176197,"minecraft:interact_with_furnace":60,"minecraft:traded_with_villager":3,"minecraft:raid_trigger":1,"minecraft:sleep_in_bed":7,"minecraft:time_since_rest":7309,"minecraft:damage_taken":7712,"minecraft:damage_dealt":8543,"minecraft:player_kills":1,"minecraft:swim_one_cm":69518,"minecraft:fly_one_cm":746672,"minecraft:open_chest":39,"minecraft:crouch_one_cm":188,"minecraft:interact_with_smoker":5,"minecraft:fall_one_cm":103396},"minecraft:killed_by":{"minecraft:player":1,"minecraft:vindicator":3,"minecraft:cave_spider":1,"mutantmonsters:mutant_skeleton":1,"minecraft:skeleton":1,"duneons:mountaineer":1},"minecraft:killed":{"minecraft:cave_spider":2,"minecraft:spider":3,"minecraft:vindicator":10,"duneons:wraith":3,"minecraft:skeleton":4,"minecraft:chicken":6,"various_world:zombie_of_various_biomes":2,"minecraft:husk":4,"minecraft:creeper":4,"duneons:mountaineer":2,"minecraft:pillager":35,"minecraft:zombie":5,"various_world:zombie_of_stony_magma":1,"minecraft:cow":23}},"DataVersion":3120}