{"stats":{"minecraft:used":{"duneons:sandstonebrickcracked":1,"minecraft:stone_sword":51,"minecraft:iron_shovel":139,"minecraft:chest":7,"minecraft:shield":58,"minecraft:rotten_flesh":1,"minecraft:iron_chestplate":1,"duneons:ravager_gatewood":1,"minecraft:wooden_shovel":57,"minecraft:torch":16,"minecraft:dirt":28,"various_world:blackly_stony_magma":1,"duneons:whitespideregg":1,"minecraft:jungle_planks":433,"minecraft:carrot":1,"minecraft:jungle_slab":66,"minecraft:jungle_trapdoor":2,"minecraft:wooden_axe":327,"minecraft:lantern":4,"minecraft:iron_axe":179,"minecraft:iron_helmet":1,"biomesoplenty:orange_sand":4,"minecraft:iron_boots":1,"duneons:ravagergateiron":1,"duneons:lobbydirtystone":1,"minecraft:bow":2,"minecraft:oak_sapling":2,"minecraft:furnace":6,"minecraft:cooked_beef":7,"minecraft:acacia_planks":2,"minecraft:cobbled_deepslate":1,"minecraft:golden_axe":32,"minecraft:iron_leggings":2,"various_world:gneiss_bricks":4,"minecraft:water_bucket":1,"minecraft:polished_andesite":8,"minecraft:stone_pickaxe":495,"minecraft:blackstone":3,"minecraft:wooden_pickaxe":59,"minecraft:sandstone":3,"minecraft:jungle_boat":3,"minecraft:sand":46,"minecraft:crafting_table":15,"minecraft:red_bed":4,"minecraft:blast_furnace":1,"minecraft:white_bed":6,"minecraft:oak_log":1,"minecraft:apple":1,"minecraft:iron_pickaxe":20,"minecraft:melon_slice":1,"minecraft:bread":54,"minecraft:jungle_stairs":4,"duneons:leaverpalm":4,"minecraft:stone_axe":29,"minecraft:wooden_sword":18,"minecraft:cobblestone":104,"minecraft:white_banner":2,"minecraft:jungle_door":4,"minecraft:bucket":2,"minecraft:glass_pane":160,"duneons:highlandfern":2,"minecraft:oak_boat":2},"minecraft:mined":{"minecraft:tuff":1,"minecraft:white_bed":6,"duneons:golden_barley":55,"minecraft:jungle_slab":11,"minecraft:jungle_leaves":23,"biomesoplenty:desert_grass":2,"minecraft:glow_lichen":1,"minecraft:ladder":19,"minecraft:granite":28,"duneons:driedhaybales":10,"biomesoplenty:bush":6,"minecraft:acacia_log":1,"minecraft:grass_block":21,"minecraft:jungle_planks":63,"duneons:highlandtallgrass":5,"minecraft:jungle_log":163,"duneons:highlandgrass":1,"biomesoplenty:dead_grass":1,"biomesoplenty:dune_grass":3,"minecraft:hay_block":11,"minecraft:furnace":3,"minecraft:iron_ore":22,"minecraft:andesite":76,"minecraft:bookshelf":12,"minecraft:vine":23,"minecraft:deepslate_iron_ore":10,"minecraft:dirt_path":1,"minecraft:stripped_jungle_log":14,"biomesoplenty:spider_egg":1,"minecraft:stone":340,"minecraft:jungle_trapdoor":3,"minecraft:acacia_leaves":1,"minecraft:glass_pane":3,"minecraft:jungle_door":2,"various_world:gneiss":5,"minecraft:red_bed":4,"minecraft:blackstone":3,"duneons:candle":8,"biomesoplenty:orange_sand":4,"minecraft:crafting_table":6,"minecraft:jungle_stairs":6,"minecraft:blast_furnace":3,"minecraft:melon":4,"duneons:sandstonebrickcracked":1,"minecraft:chest":4,"minecraft:campfire":4,"minecraft:glass":1,"minecraft:copper_ore":1,"minecraft:cobblestone":11,"duneons:leaverpalm":4,"duneons:whitespideregg":1,"minecraft:jungle_fence":4,"duneons:highlandfern":1,"minecraft:white_wall_banner":1,"minecraft:grass":12,"minecraft:oak_log":58,"minecraft:coal_ore":2,"duneons:palmlog":72,"minecraft:sand":176,"minecraft:dirt":60,"minecraft:cobweb":23,"duneons:lobbydirtystone":1,"various_world:blackly_stony_magma":2,"minecraft:oak_leaves":4,"minecraft:deepslate":30,"minecraft:fern":5},"minecraft:broken":{"minecraft:wooden_shovel":1,"minecraft:wooden_pickaxe":1,"minecraft:stone_pickaxe":3,"minecraft:golden_axe":1,"minecraft:wooden_axe":4},"minecraft:dropped":{"minecraft:iron_ingot":18,"minecraft:bread":21,"minecraft:iron_sword":1,"minecraft:jungle_planks":7,"minecraft:golden_apple":1,"minecraft:jungle_slab":5,"minecraft:red_bed":2,"minecraft:wooden_sword":1,"minecraft:iron_pickaxe":1,"minecraft:stone_sword":1,"minecraft:bowl":2,"minecraft:rotten_flesh":3,"minecraft:oak_planks":11,"minecraft:shield":3,"minecraft:oak_boat":2,"minecraft:arrow":4},"minecraft:picked_up":{"minecraft:wooden_axe":3,"minecraft:iron_chestplate":1,"minecraft:charcoal":12,"minecraft:crafting_table":9,"minecraft:wheat":938,"duneons:lobbydirtystone":1,"minecraft:ladder":38,"minecraft:enchanted_book":1,"minecraft:shield":8,"minecraft:jungle_trapdoor":2,"minecraft:iron_leggings":8,"minecraft:red_bed":6,"minecraft:string":25,"minecraft:raw_copper":7,"minecraft:iron_axe":8,"minecraft:wooden_sword":1,"duneons:whitespideregg":1,"minecraft:blackstone":6,"minecraft:cobbled_deepslate":34,"minecraft:beef":6,"minecraft:oak_boat":2,"minecraft:jungle_sapling":5,"minecraft:poppy":12,"minecraft:iron_pickaxe":1,"minecraft:melon_slice":45,"minecraft:chest":4,"minecraft:iron_boots":1,"minecraft:furnace":4,"minecraft:stick":19,"minecraft:raw_iron":116,"minecraft:sandstone":5,"minecraft:jungle_door":5,"minecraft:acacia_log":1,"minecraft:torch":12,"minecraft:bowl":1,"minecraft:cookie":11,"minecraft:carrot":46,"minecraft:goat_horn":1,"minecraft:stone_sword":1,"minecraft:arrow":37,"minecraft:rotten_flesh":20,"various_world:gneiss":6,"minecraft:pumpkin_pie":3,"minecraft:jungle_stairs":4,"minecraft:hay_block":12,"minecraft:saddle":1,"minecraft:gold_ingot":5,"minecraft:cobblestone":361,"biomesoplenty:orange_sand":4,"minecraft:white_wool":5,"minecraft:leather_chestplate":1,"duneons:candleitem":24,"minecraft:jungle_boat":3,"minecraft:cooked_beef":70,"minecraft:jungle_fence":4,"minecraft:jungle_log":156,"minecraft:water_bucket":1,"minecraft:andesite":88,"minecraft:leather":4,"minecraft:smoker":1,"minecraft:potato":9,"minecraft:filled_map":1,"minecraft:tuff":1,"minecraft:oak_log":76,"various_world:blackly_stony_magma":2,"minecraft:dirt":98,"minecraft:lantern":4,"minecraft:white_banner":4,"minecraft:name_tag":2,"minecraft:leather_boots":1,"minecraft:glass":16,"minecraft:bone":5,"minecraft:acacia_planks":2,"minecraft:apple":9,"minecraft:bow":3,"minecraft:wheat_seeds":4,"minecraft:raw_gold":12,"minecraft:stone_pickaxe":9,"minecraft:iron_ingot":49,"minecraft:cooked_chicken":4,"minecraft:iron_sword":1,"duneons:sandstonebrickcracked":1,"minecraft:oak_planks":9,"minecraft:book":38,"minecraft:cooked_porkchop":8,"duneons:highlandfern":6,"minecraft:sand":342,"minecraft:jungle_planks":408,"minecraft:blast_furnace":3,"minecraft:white_bed":7,"minecraft:jungle_slab":10,"duneons:leaverpalm":4,"minecraft:spider_eye":1,"minecraft:stripped_jungle_log":12,"duneons:driedhaybales":10,"duneons:ravager_gatewood":3,"minecraft:diamond":1,"minecraft:iron_helmet":1,"duneons:palmlog":199,"minecraft:granite":33,"minecraft:crossbow":8,"minecraft:golden_apple":3,"minecraft:emerald":26,"minecraft:bread":125,"duneons:ravagergateiron":1,"various_world:slime_crystalic":1,"minecraft:oak_sapling":4,"minecraft:coal":13,"minecraft:cocoa_beans":23},"minecraft:crafted":{"minecraft:wooden_sword":2,"minecraft:oak_planks":124,"minecraft:leather_boots":1,"minecraft:furnace":2,"minecraft:glass_pane":10,"minecraft:glass":123,"minecraft:iron_boots":2,"minecraft:iron_axe":2,"minecraft:stone_pickaxe":5,"minecraft:chest":4,"minecraft:wheat":77,"minecraft:cooked_beef":15,"minecraft:golden_axe":1,"minecraft:wooden_shovel":1,"minecraft:crafting_table":7,"minecraft:jungle_boat":1,"minecraft:wooden_pickaxe":1,"minecraft:iron_helmet":2,"minecraft:bucket":2,"minecraft:stone_axe":1,"minecraft:jungle_slab":11,"minecraft:bread":60,"minecraft:air":1085,"minecraft:jungle_planks":506,"various_world:gneiss_bricks":4,"minecraft:oak_boat":3,"minecraft:jungle_door":3,"minecraft:iron_chestplate":2,"minecraft:white_wool":5,"minecraft:golden_apple":4,"minecraft:gold_nugget":1,"minecraft:shield":4,"minecraft:stick":39,"minecraft:iron_ingot":67,"minecraft:iron_pickaxe":2,"minecraft:wooden_axe":5,"minecraft:stone_sword":1,"minecraft:iron_shovel":1,"minecraft:gold_ingot":1,"minecraft:iron_leggings":2,"minecraft:white_bed":1,"minecraft:torch":16,"minecraft:polished_andesite":2},"minecraft:custom":{"minecraft:mob_kills":26,"minecraft:interact_with_crafting_table":50,"minecraft:leave_game":3,"minecraft:time_since_death":77257,"minecraft:climb_one_cm":16857,"minecraft:sprint_one_cm":539292,"minecraft:walk_one_cm":819143,"minecraft:damage_blocked_by_shield":2406,"minecraft:drop":24,"minecraft:talked_to_villager":6,"minecraft:play_time":247762,"minecraft:sneak_time":6261,"minecraft:deaths":18,"minecraft:walk_under_water_one_cm":38133,"minecraft:boat_one_cm":267187,"minecraft:jump":3372,"minecraft:interact_with_blast_furnace":19,"minecraft:walk_on_water_one_cm":84711,"minecraft:total_world_time":247762,"minecraft:interact_with_furnace":92,"minecraft:interact_with_cartography_table":1,"minecraft:sleep_in_bed":13,"minecraft:time_since_rest":3394,"minecraft:damage_taken":8975,"minecraft:damage_dealt":5577,"minecraft:fly_one_cm":452379,"minecraft:open_chest":77,"minecraft:crouch_one_cm":14944,"minecraft:interact_with_smoker":4,"minecraft:fall_one_cm":85158,"minecraft:inspect_dispenser":2},"minecraft:killed_by":{"minecraft:husk":1,"duneons:squallgolem":1,"minecraft:player":2,"minecraft:spider":1,"minecraft:pillager":3,"minecraft:vindicator":3,"mutantmonsters:mutant_skeleton":1,"minecraft:skeleton":2,"duneons:wraith":1,"duneons:mountaineer":2},"minecraft:killed":{"minecraft:skeleton":2,"minecraft:husk":3,"minecraft:pillager":15,"minecraft:zombie":2,"minecraft:cow":3}},"DataVersion":3120}