{"stats":{"minecraft:used":{"duneons:sandstonebrickcracked":1,"minecraft:stone_sword":51,"minecraft:chest":3,"minecraft:shield":58,"minecraft:iron_chestplate":1,"duneons:ravager_gatewood":1,"minecraft:wooden_shovel":57,"minecraft:torch":16,"minecraft:dirt":1,"various_world:blackly_stony_magma":1,"duneons:whitespideregg":1,"minecraft:jungle_planks":172,"minecraft:carrot":1,"minecraft:wooden_axe":91,"minecraft:iron_axe":179,"minecraft:iron_helmet":1,"biomesoplenty:orange_sand":4,"minecraft:iron_boots":1,"duneons:ravagergateiron":1,"duneons:lobbydirtystone":1,"minecraft:bow":2,"minecraft:oak_sapling":2,"minecraft:furnace":3,"minecraft:cooked_beef":7,"minecraft:cobbled_deepslate":1,"minecraft:iron_leggings":2,"various_world:gneiss_bricks":4,"minecraft:stone_pickaxe":495,"minecraft:blackstone":3,"minecraft:wooden_pickaxe":59,"minecraft:sandstone":3,"minecraft:jungle_boat":3,"minecraft:sand":41,"minecraft:crafting_table":13,"minecraft:red_bed":4,"minecraft:blast_furnace":1,"minecraft:white_bed":4,"minecraft:oak_log":1,"minecraft:apple":1,"minecraft:bread":45,"duneons:leaverpalm":4,"minecraft:wooden_sword":18,"minecraft:cobblestone":104,"minecraft:white_banner":2,"minecraft:jungle_door":4,"minecraft:bucket":1,"duneons:highlandfern":2,"minecraft:oak_boat":2},"minecraft:mined":{"minecraft:tuff":1,"minecraft:white_bed":4,"duneons:golden_barley":55,"biomesoplenty:desert_grass":2,"minecraft:glow_lichen":1,"minecraft:ladder":19,"minecraft:granite":28,"duneons:driedhaybales":10,"biomesoplenty:bush":6,"minecraft:acacia_log":1,"minecraft:grass_block":6,"minecraft:jungle_planks":2,"duneons:highlandtallgrass":5,"duneons:highlandgrass":1,"biomesoplenty:dead_grass":1,"biomesoplenty:dune_grass":3,"minecraft:hay_block":5,"minecraft:iron_ore":22,"minecraft:andesite":65,"minecraft:deepslate_iron_ore":10,"minecraft:dirt_path":1,"biomesoplenty:spider_egg":1,"minecraft:stone":337,"minecraft:acacia_leaves":1,"minecraft:jungle_door":2,"various_world:gneiss":5,"minecraft:red_bed":4,"minecraft:blackstone":3,"duneons:candle":8,"biomesoplenty:orange_sand":4,"minecraft:crafting_table":6,"minecraft:blast_furnace":3,"duneons:sandstonebrickcracked":1,"minecraft:chest":1,"minecraft:campfire":1,"minecraft:copper_ore":1,"minecraft:cobblestone":8,"duneons:leaverpalm":4,"duneons:whitespideregg":1,"duneons:highlandfern":1,"minecraft:white_wall_banner":1,"minecraft:grass":12,"minecraft:oak_log":58,"minecraft:coal_ore":2,"duneons:palmlog":72,"minecraft:sand":74,"minecraft:dirt":38,"minecraft:cobweb":23,"duneons:lobbydirtystone":1,"various_world:blackly_stony_magma":2,"minecraft:oak_leaves":4,"minecraft:deepslate":30},"minecraft:broken":{"minecraft:wooden_shovel":1,"minecraft:wooden_pickaxe":1,"minecraft:stone_pickaxe":3},"minecraft:dropped":{"minecraft:iron_ingot":18,"minecraft:bread":21,"minecraft:iron_sword":1,"minecraft:jungle_planks":7,"minecraft:red_bed":2,"minecraft:wooden_sword":1,"minecraft:iron_pickaxe":1,"minecraft:stone_sword":1,"minecraft:bowl":2,"minecraft:rotten_flesh":2,"minecraft:oak_planks":11,"minecraft:shield":3,"minecraft:oak_boat":2},"minecraft:picked_up":{"minecraft:wooden_axe":3,"minecraft:iron_chestplate":1,"minecraft:charcoal":6,"minecraft:crafting_table":9,"minecraft:wheat":938,"duneons:lobbydirtystone":1,"minecraft:ladder":38,"minecraft:shield":8,"minecraft:iron_leggings":8,"minecraft:red_bed":6,"minecraft:string":25,"minecraft:raw_copper":7,"minecraft:iron_axe":8,"minecraft:wooden_sword":1,"duneons:whitespideregg":1,"minecraft:blackstone":6,"minecraft:cobbled_deepslate":34,"minecraft:beef":6,"minecraft:oak_boat":2,"minecraft:poppy":12,"minecraft:iron_pickaxe":1,"minecraft:chest":1,"minecraft:iron_boots":1,"minecraft:furnace":1,"minecraft:stick":19,"minecraft:raw_iron":116,"minecraft:sandstone":5,"minecraft:jungle_door":5,"minecraft:acacia_log":1,"minecraft:torch":12,"minecraft:bowl":1,"minecraft:carrot":46,"minecraft:stone_sword":1,"minecraft:arrow":36,"minecraft:rotten_flesh":19,"various_world:gneiss":6,"minecraft:pumpkin_pie":3,"minecraft:hay_block":6,"minecraft:cobblestone":355,"biomesoplenty:orange_sand":4,"minecraft:white_wool":5,"duneons:candleitem":24,"minecraft:jungle_boat":3,"minecraft:cooked_beef":70,"minecraft:water_bucket":1,"minecraft:andesite":77,"minecraft:leather":4,"minecraft:smoker":1,"minecraft:potato":5,"minecraft:filled_map":1,"minecraft:tuff":1,"minecraft:oak_log":76,"various_world:blackly_stony_magma":2,"minecraft:dirt":61,"minecraft:white_banner":4,"minecraft:glass":16,"minecraft:bone":5,"minecraft:apple":1,"minecraft:bow":3,"minecraft:raw_gold":12,"minecraft:stone_pickaxe":9,"minecraft:iron_ingot":15,"minecraft:iron_sword":1,"duneons:sandstonebrickcracked":1,"minecraft:oak_planks":9,"duneons:highlandfern":6,"minecraft:sand":240,"minecraft:jungle_planks":357,"minecraft:blast_furnace":3,"minecraft:white_bed":5,"duneons:leaverpalm":4,"minecraft:spider_eye":1,"duneons:driedhaybales":10,"duneons:ravager_gatewood":3,"minecraft:iron_helmet":1,"duneons:palmlog":199,"minecraft:granite":33,"minecraft:crossbow":6,"minecraft:emerald":24,"minecraft:bread":125,"duneons:ravagergateiron":1,"various_world:slime_crystalic":1,"minecraft:oak_sapling":4,"minecraft:coal":8},"minecraft:crafted":{"minecraft:wooden_sword":2,"minecraft:oak_planks":124,"minecraft:leather_boots":1,"minecraft:furnace":2,"minecraft:glass":16,"minecraft:iron_boots":1,"minecraft:iron_axe":2,"minecraft:stone_pickaxe":5,"minecraft:chest":3,"minecraft:wheat":71,"minecraft:cooked_beef":15,"minecraft:wooden_shovel":1,"minecraft:crafting_table":7,"minecraft:jungle_boat":1,"minecraft:wooden_pickaxe":1,"minecraft:iron_helmet":1,"minecraft:bucket":1,"minecraft:bread":42,"minecraft:air":83,"minecraft:jungle_planks":340,"various_world:gneiss_bricks":4,"minecraft:oak_boat":3,"minecraft:jungle_door":3,"minecraft:iron_chestplate":1,"minecraft:white_wool":5,"minecraft:shield":4,"minecraft:stick":29,"minecraft:iron_ingot":67,"minecraft:iron_pickaxe":1,"minecraft:wooden_axe":1,"minecraft:stone_sword":1,"minecraft:iron_leggings":1,"minecraft:white_bed":1,"minecraft:torch":16},"minecraft:custom":{"minecraft:mob_kills":26,"minecraft:interact_with_crafting_table":32,"minecraft:leave_game":3,"minecraft:time_since_death":5257,"minecraft:climb_one_cm":1415,"minecraft:sprint_one_cm":446415,"minecraft:walk_one_cm":604478,"minecraft:damage_blocked_by_shield":2406,"minecraft:drop":20,"minecraft:talked_to_villager":1,"minecraft:play_time":175762,"minecraft:sneak_time":1311,"minecraft:deaths":18,"minecraft:walk_under_water_one_cm":18893,"minecraft:boat_one_cm":267187,"minecraft:jump":2674,"minecraft:interact_with_blast_furnace":19,"minecraft:walk_on_water_one_cm":68839,"minecraft:total_world_time":175762,"minecraft:interact_with_furnace":72,"minecraft:sleep_in_bed":8,"minecraft:time_since_rest":5439,"minecraft:damage_taken":8422,"minecraft:damage_dealt":5557,"minecraft:fly_one_cm":380823,"minecraft:open_chest":37,"minecraft:crouch_one_cm":2412,"minecraft:interact_with_smoker":4,"minecraft:fall_one_cm":68878},"minecraft:killed_by":{"minecraft:husk":1,"duneons:squallgolem":1,"minecraft:player":2,"minecraft:spider":1,"minecraft:pillager":3,"minecraft:vindicator":3,"mutantmonsters:mutant_skeleton":1,"minecraft:skeleton":2,"duneons:wraith":1,"duneons:mountaineer":2},"minecraft:killed":{"minecraft:skeleton":2,"minecraft:husk":3,"minecraft:pillager":15,"minecraft:zombie":2,"minecraft:cow":3}},"DataVersion":3120}