{"stats":{"minecraft:used":{"duneons:sandstonebrickcracked":1,"minecraft:stone_sword":51,"minecraft:iron_shovel":204,"minecraft:chest":15,"minecraft:shield":58,"minecraft:rotten_flesh":1,"minecraft:iron_chestplate":1,"duneons:ravager_gatewood":1,"minecraft:wooden_shovel":57,"minecraft:torch":28,"minecraft:dirt":29,"various_world:blackly_stony_magma":1,"duneons:whitespideregg":1,"minecraft:jungle_planks":433,"minecraft:carrot":1,"minecraft:jungle_slab":66,"minecraft:jungle_trapdoor":2,"minecraft:wooden_axe":327,"minecraft:bookshelf":13,"minecraft:lantern":18,"minecraft:iron_axe":179,"minecraft:iron_helmet":1,"biomesoplenty:orange_sand":4,"minecraft:iron_boots":1,"duneons:ravagergateiron":1,"duneons:lobbydirtystone":1,"minecraft:bow":2,"minecraft:oak_sapling":2,"minecraft:furnace":6,"minecraft:cooked_beef":8,"minecraft:acacia_planks":2,"minecraft:cobbled_deepslate":1,"minecraft:golden_axe":32,"minecraft:iron_leggings":2,"various_world:gneiss_bricks":4,"minecraft:water_bucket":1,"minecraft:polished_andesite":8,"minecraft:stone_pickaxe":495,"minecraft:blackstone":3,"minecraft:wooden_pickaxe":59,"minecraft:sandstone":3,"minecraft:jungle_boat":3,"minecraft:sand":46,"minecraft:crafting_table":15,"minecraft:red_bed":4,"minecraft:blast_furnace":1,"minecraft:white_bed":6,"minecraft:oak_log":1,"minecraft:apple":1,"minecraft:iron_pickaxe":167,"minecraft:melon_slice":1,"minecraft:bread":60,"minecraft:jungle_stairs":4,"duneons:leaverpalm":4,"minecraft:stone_axe":53,"minecraft:wooden_sword":18,"minecraft:cobblestone":134,"minecraft:white_banner":2,"minecraft:jungle_door":4,"minecraft:bucket":3,"minecraft:glass_pane":160,"duneons:highlandfern":2,"minecraft:oak_boat":2},"minecraft:mined":{"minecraft:tuff":1,"minecraft:white_bed":6,"duneons:golden_barley":55,"minecraft:jungle_slab":11,"minecraft:jungle_leaves":23,"biomesoplenty:desert_grass":2,"minecraft:glow_lichen":1,"minecraft:ladder":19,"minecraft:granite":28,"duneons:driedhaybales":10,"biomesoplenty:bush":6,"minecraft:acacia_log":1,"minecraft:grass_block":54,"minecraft:jungle_planks":63,"duneons:highlandtallgrass":5,"minecraft:jungle_log":165,"duneons:highlandgrass":1,"biomesoplenty:dead_grass":1,"biomesoplenty:dune_grass":3,"minecraft:hay_block":11,"minecraft:furnace":3,"minecraft:iron_ore":48,"minecraft:andesite":85,"minecraft:bookshelf":12,"minecraft:vine":25,"minecraft:deepslate_iron_ore":10,"minecraft:dirt_path":1,"minecraft:lantern":15,"minecraft:stripped_jungle_log":14,"biomesoplenty:spider_egg":1,"minecraft:stone":390,"minecraft:jungle_trapdoor":3,"minecraft:acacia_leaves":1,"minecraft:glass_pane":3,"minecraft:jungle_door":2,"various_world:gneiss":5,"minecraft:red_bed":4,"minecraft:blackstone":3,"duneons:candle":8,"biomesoplenty:orange_sand":4,"minecraft:oak_fence":1,"minecraft:crafting_table":6,"minecraft:jungle_stairs":6,"minecraft:blast_furnace":3,"minecraft:mossy_cobblestone_wall":5,"minecraft:melon":4,"duneons:sandstonebrickcracked":1,"minecraft:chest":5,"minecraft:campfire":11,"minecraft:glass":1,"minecraft:copper_ore":9,"minecraft:cobblestone":13,"minecraft:oak_planks":3,"duneons:leaverpalm":4,"duneons:whitespideregg":1,"minecraft:jungle_fence":4,"duneons:highlandfern":1,"minecraft:white_wall_banner":1,"minecraft:grass":12,"minecraft:oak_log":58,"minecraft:coal_ore":34,"duneons:palmlog":72,"minecraft:sand":176,"minecraft:dirt":82,"minecraft:cobweb":23,"duneons:lobbydirtystone":1,"various_world:blackly_stony_magma":2,"minecraft:oak_leaves":4,"minecraft:deepslate":30,"minecraft:fern":13},"minecraft:broken":{"minecraft:wooden_shovel":1,"minecraft:wooden_pickaxe":1,"minecraft:stone_pickaxe":3,"minecraft:golden_axe":1,"minecraft:wooden_axe":4},"minecraft:dropped":{"minecraft:iron_ingot":18,"minecraft:bread":21,"minecraft:iron_sword":1,"minecraft:jungle_planks":7,"minecraft:golden_apple":1,"minecraft:jungle_slab":5,"minecraft:red_bed":2,"minecraft:wooden_sword":1,"minecraft:iron_pickaxe":1,"minecraft:stone_sword":1,"minecraft:bowl":2,"minecraft:rotten_flesh":3,"minecraft:oak_planks":11,"minecraft:shield":3,"minecraft:oak_boat":2,"minecraft:arrow":11},"minecraft:picked_up":{"minecraft:wooden_axe":3,"minecraft:iron_chestplate":3,"minecraft:charcoal":40,"minecraft:crafting_table":9,"minecraft:wheat":938,"duneons:lobbydirtystone":1,"minecraft:ladder":38,"minecraft:enchanted_book":1,"minecraft:shield":8,"minecraft:jungle_trapdoor":2,"minecraft:iron_leggings":10,"minecraft:red_bed":6,"minecraft:string":25,"minecraft:raw_copper":36,"minecraft:iron_axe":8,"minecraft:wooden_sword":1,"duneons:whitespideregg":1,"minecraft:iron_shovel":2,"minecraft:blackstone":6,"minecraft:cobbled_deepslate":34,"minecraft:bucket":1,"minecraft:mossy_cobblestone_wall":2,"minecraft:beef":9,"minecraft:oak_boat":2,"minecraft:jungle_sapling":5,"minecraft:poppy":12,"minecraft:iron_pickaxe":3,"minecraft:melon_slice":45,"minecraft:chest":5,"minecraft:iron_boots":3,"minecraft:furnace":4,"minecraft:stick":19,"minecraft:raw_iron":142,"minecraft:sandstone":5,"minecraft:jungle_door":5,"minecraft:oak_fence":1,"minecraft:acacia_log":1,"minecraft:torch":13,"minecraft:bowl":1,"minecraft:cookie":11,"minecraft:carrot":46,"minecraft:goat_horn":1,"minecraft:stone_sword":1,"minecraft:arrow":44,"minecraft:rotten_flesh":24,"various_world:gneiss":6,"minecraft:pumpkin_pie":3,"minecraft:jungle_stairs":4,"minecraft:hay_block":12,"minecraft:saddle":1,"minecraft:gold_ingot":7,"minecraft:cobblestone":415,"biomesoplenty:orange_sand":4,"minecraft:white_wool":5,"minecraft:leather_chestplate":1,"duneons:candleitem":24,"minecraft:jungle_boat":3,"minecraft:cooked_beef":73,"minecraft:jungle_fence":4,"minecraft:jungle_log":157,"minecraft:water_bucket":2,"minecraft:andesite":97,"minecraft:leather":5,"minecraft:smoker":1,"minecraft:potato":9,"minecraft:filled_map":1,"minecraft:tuff":1,"minecraft:oak_log":76,"various_world:blackly_stony_magma":2,"minecraft:dirt":169,"minecraft:lantern":29,"minecraft:white_banner":4,"minecraft:name_tag":3,"minecraft:leather_boots":1,"minecraft:glass":16,"minecraft:bone":5,"minecraft:acacia_planks":2,"minecraft:apple":9,"minecraft:bow":3,"minecraft:wheat_seeds":5,"minecraft:raw_gold":12,"minecraft:stone_pickaxe":9,"minecraft:iron_ingot":50,"minecraft:cooked_chicken":4,"minecraft:iron_sword":1,"duneons:sandstonebrickcracked":1,"minecraft:oak_planks":12,"minecraft:book":38,"minecraft:cooked_porkchop":8,"duneons:highlandfern":6,"minecraft:sand":342,"minecraft:jungle_planks":467,"minecraft:ink_sac":3,"minecraft:blast_furnace":3,"minecraft:white_bed":7,"minecraft:jungle_slab":10,"duneons:leaverpalm":4,"minecraft:spider_eye":1,"minecraft:stripped_jungle_log":12,"duneons:driedhaybales":10,"duneons:ravager_gatewood":3,"minecraft:diamond":1,"minecraft:stone_axe":2,"minecraft:iron_helmet":1,"duneons:palmlog":199,"minecraft:granite":33,"minecraft:crossbow":8,"minecraft:golden_apple":3,"minecraft:emerald":30,"minecraft:bread":163,"duneons:ravagergateiron":1,"various_world:slime_crystalic":1,"minecraft:oak_sapling":4,"minecraft:coal":58,"minecraft:cocoa_beans":23},"minecraft:crafted":{"minecraft:wooden_sword":2,"minecraft:oak_planks":124,"minecraft:leather_boots":1,"minecraft:furnace":2,"minecraft:bookshelf":13,"minecraft:glass_pane":10,"minecraft:glass":142,"minecraft:iron_boots":2,"minecraft:iron_axe":2,"minecraft:stone_pickaxe":5,"minecraft:chest":11,"minecraft:wheat":77,"minecraft:cooked_beef":18,"minecraft:golden_axe":1,"minecraft:wooden_shovel":1,"minecraft:crafting_table":7,"minecraft:jungle_boat":1,"minecraft:wooden_pickaxe":1,"minecraft:iron_helmet":2,"minecraft:bucket":2,"minecraft:stone_axe":1,"minecraft:jungle_slab":11,"minecraft:bread":60,"minecraft:air":1117,"minecraft:jungle_planks":506,"various_world:gneiss_bricks":4,"minecraft:oak_boat":3,"minecraft:jungle_door":3,"minecraft:iron_chestplate":2,"minecraft:white_wool":5,"minecraft:golden_apple":4,"minecraft:gold_nugget":1,"minecraft:shield":4,"minecraft:stick":40,"minecraft:iron_ingot":67,"minecraft:iron_pickaxe":2,"minecraft:wooden_axe":5,"minecraft:stone_sword":1,"minecraft:iron_shovel":1,"minecraft:gold_ingot":1,"minecraft:iron_leggings":2,"minecraft:white_bed":1,"minecraft:torch":26,"minecraft:polished_andesite":2},"minecraft:custom":{"minecraft:mob_kills":29,"minecraft:interact_with_crafting_table":52,"minecraft:leave_game":3,"minecraft:time_since_death":17852,"minecraft:climb_one_cm":26448,"minecraft:sprint_one_cm":625734,"minecraft:walk_one_cm":983540,"minecraft:damage_blocked_by_shield":2406,"minecraft:drop":25,"minecraft:talked_to_villager":6,"minecraft:play_time":289762,"minecraft:sneak_time":6613,"minecraft:deaths":20,"minecraft:walk_under_water_one_cm":45405,"minecraft:boat_one_cm":267187,"minecraft:jump":4034,"minecraft:interact_with_blast_furnace":19,"minecraft:walk_on_water_one_cm":97166,"minecraft:total_world_time":289762,"minecraft:interact_with_furnace":114,"minecraft:interact_with_cartography_table":1,"minecraft:sleep_in_bed":14,"minecraft:time_since_rest":17895,"minecraft:damage_taken":10188,"minecraft:damage_dealt":6175,"minecraft:fly_one_cm":509834,"minecraft:open_chest":108,"minecraft:crouch_one_cm":15894,"minecraft:interact_with_smoker":4,"minecraft:fall_one_cm":104547,"minecraft:inspect_dispenser":2},"minecraft:killed_by":{"minecraft:husk":1,"duneons:squallgolem":1,"minecraft:player":3,"minecraft:creeper":1,"minecraft:spider":1,"minecraft:pillager":3,"minecraft:vindicator":3,"mutantmonsters:mutant_skeleton":1,"minecraft:skeleton":2,"duneons:wraith":1,"duneons:mountaineer":2},"minecraft:killed":{"minecraft:skeleton":2,"minecraft:husk":3,"minecraft:pillager":16,"minecraft:zombie":3,"minecraft:cow":4}},"DataVersion":3120}