{"stats":{"minecraft:dropped":{"minecraft:stone_axe":2,"minecraft:wheat_seeds":25,"minecraft:cooked_chicken":10,"minecraft:stone_sword":1,"minecraft:pointed_dripstone":14,"minecraft:raw_iron":14,"minecraft:chicken":18,"minecraft:feather":17,"minecraft:rotten_flesh":4,"minecraft:oak_planks":2,"minecraft:coal":31,"minecraft:potato":5,"minecraft:gunpowder":2,"minecraft:torch":32,"minecraft:andesite":3,"minecraft:yellow_bed":1,"minecraft:arrow":3,"minecraft:stone_pickaxe":2,"minecraft:wooden_pickaxe":2,"minecraft:bell":1,"minecraft:white_wool":4,"minecraft:egg":2},"minecraft:killed_by":{"minecraft:skeleton":1,"minecraft:enderman":3},"minecraft:killed":{"minecraft:pig":11,"minecraft:spider":5,"minecraft:sheep":3,"minecraft:skeleton":6,"minecraft:zombie":13,"minecraft:chicken":7,"minecraft:enderman":1,"minecraft:cow":18},"minecraft:custom":{"minecraft:interact_with_furnace":41,"minecraft:mob_kills":64,"minecraft:interact_with_crafting_table":17,"minecraft:time_since_death":5925,"minecraft:sleep_in_bed":1,"minecraft:time_since_rest":5949,"minecraft:sprint_one_cm":454016,"minecraft:damage_taken":3065,"minecraft:walk_one_cm":168700,"minecraft:drop":44,"minecraft:damage_dealt":8561,"minecraft:swim_one_cm":14093,"minecraft:talked_to_villager":5,"minecraft:fly_one_cm":284891,"minecraft:open_chest":2,"minecraft:crouch_one_cm":13467,"minecraft:play_time":64976,"minecraft:deaths":6,"minecraft:sneak_time":3662,"minecraft:walk_under_water_one_cm":1344,"minecraft:jump":1415,"minecraft:walk_on_water_one_cm":17413,"minecraft:total_world_time":64976,"minecraft:fall_one_cm":52799},"minecraft:picked_up":{"minecraft:iron_chestplate":1,"minecraft:crafting_table":11,"minecraft:feather":56,"minecraft:cooked_beef":12,"minecraft:chicken":25,"minecraft:glow_ink_sac":3,"minecraft:water_bucket":1,"minecraft:andesite":6,"minecraft:leather":37,"minecraft:wooden_pickaxe":5,"minecraft:potato":5,"minecraft:oak_log":30,"minecraft:yellow_bed":1,"minecraft:gunpowder":4,"minecraft:dirt":34,"minecraft:lapis_lazuli":14,"minecraft:string":13,"minecraft:raw_copper":4,"minecraft:iron_leggings":1,"minecraft:bone":15,"minecraft:beetroot":1,"minecraft:apple":8,"minecraft:wheat_seeds":47,"minecraft:cobbled_deepslate":68,"minecraft:raw_gold":38,"minecraft:iron_ingot":2,"minecraft:bell":1,"minecraft:stone_pickaxe":4,"minecraft:beef":43,"minecraft:cooked_chicken":10,"minecraft:iron_pickaxe":1,"minecraft:sugar_cane":89,"minecraft:oak_planks":87,"minecraft:iron_boots":1,"minecraft:egg":3,"minecraft:furnace":12,"minecraft:stick":31,"minecraft:raw_iron":89,"minecraft:pumpkin":2,"minecraft:torch":68,"minecraft:dandelion":1,"minecraft:gravel":1,"minecraft:porkchop":37,"minecraft:pointed_dripstone":14,"minecraft:carrot":19,"minecraft:spider_eye":2,"minecraft:beetroot_seeds":9,"minecraft:stone_sword":5,"minecraft:arrow":13,"minecraft:rotten_flesh":18,"minecraft:diamond":6,"minecraft:stone_axe":4,"minecraft:iron_helmet":1,"minecraft:mutton":11,"minecraft:coal":106,"minecraft:white_wool":7,"minecraft:cobblestone":164},"minecraft:crafted":{"minecraft:cooked_beef":14,"minecraft:oak_planks":88,"minecraft:crafting_table":3,"minecraft:wooden_pickaxe":2,"minecraft:iron_helmet":1,"minecraft:furnace":2,"minecraft:bucket":1,"minecraft:stone_axe":1,"minecraft:air":0,"minecraft:iron_boots":1,"minecraft:iron_chestplate":1,"minecraft:stick":68,"minecraft:iron_ingot":32,"minecraft:iron_pickaxe":1,"minecraft:stone_pickaxe":4,"minecraft:stone_sword":2,"minecraft:iron_leggings":1,"minecraft:torch":180},"minecraft:broken":{"minecraft:stone_pickaxe":2},"minecraft:used":{"minecraft:beetroot":1,"minecraft:water_bucket":4,"minecraft:stone_sword":175,"minecraft:stone_pickaxe":235,"minecraft:oak_planks":16,"minecraft:wooden_pickaxe":33,"minecraft:white_wool":1,"minecraft:iron_chestplate":1,"minecraft:torch":106,"minecraft:dirt":4,"minecraft:mutton":8,"minecraft:carrot":16,"minecraft:crafting_table":9,"minecraft:spider_eye":2,"minecraft:apple":11,"minecraft:iron_pickaxe":101,"minecraft:iron_helmet":1,"minecraft:iron_boots":1,"minecraft:stone_axe":11,"minecraft:cobblestone":21,"minecraft:beef":2,"minecraft:furnace":8,"minecraft:porkchop":12,"minecraft:bucket":4,"minecraft:andesite":2,"minecraft:egg":1,"minecraft:cooked_beef":8,"minecraft:potato":3,"minecraft:cobbled_deepslate":26,"minecraft:iron_leggings":1},"minecraft:mined":{"minecraft:diamond_ore":1,"minecraft:deepslate_diamond_ore":3,"minecraft:dandelion":1,"minecraft:crafting_table":7,"minecraft:grass_block":2,"minecraft:tall_grass":8,"minecraft:copper_ore":1,"minecraft:cobblestone":3,"minecraft:deepslate_gold_ore":22,"minecraft:sugar_cane":22,"minecraft:wall_torch":1,"minecraft:furnace":8,"minecraft:carrots":2,"minecraft:iron_ore":50,"minecraft:andesite":2,"minecraft:deepslate_lapis_ore":2,"minecraft:bell":1,"minecraft:beetroots":1,"minecraft:grass":21,"minecraft:pointed_dripstone":2,"minecraft:coal_ore":56,"minecraft:oak_log":28,"minecraft:deepslate_iron_ore":18,"minecraft:dirt":2,"minecraft:stone":70,"minecraft:oak_leaves":2,"minecraft:deepslate":35}},"DataVersion":3120}