{"stats":{"minecraft:dropped":{"minecraft:wheat_seeds":31,"minecraft:feather":17,"minecraft:coal":31,"minecraft:torch":32,"minecraft:brown_wool":1,"minecraft:white_wool":6,"minecraft:stone_axe":2,"minecraft:cooked_chicken":10,"minecraft:stone_sword":1,"minecraft:raw_iron":14,"minecraft:pointed_dripstone":14,"minecraft:chicken":18,"minecraft:rotten_flesh":10,"minecraft:light_gray_wool":1,"minecraft:oak_planks":2,"minecraft:potato":5,"minecraft:gunpowder":2,"minecraft:beetroot_seeds":3,"minecraft:andesite":3,"minecraft:yellow_bed":1,"minecraft:arrow":3,"minecraft:wooden_pickaxe":3,"minecraft:stone_pickaxe":2,"minecraft:bell":1,"minecraft:egg":2},"minecraft:killed_by":{"minecraft:enderman":3,"minecraft:skeleton":1},"minecraft:killed":{"minecraft:spider":5,"minecraft:skeleton":10,"minecraft:chicken":11,"minecraft:pig":11,"minecraft:creeper":1,"minecraft:sheep":9,"minecraft:zombie":16,"minecraft:enderman":1,"minecraft:cow":26},"minecraft:custom":{"minecraft:mob_kills":90,"minecraft:interact_with_crafting_table":28,"minecraft:time_since_death":35925,"minecraft:sprint_one_cm":587525,"minecraft:walk_one_cm":229222,"minecraft:drop":52,"minecraft:talked_to_villager":5,"minecraft:play_time":94976,"minecraft:deaths":6,"minecraft:sneak_time":6708,"minecraft:walk_under_water_one_cm":2783,"minecraft:jump":2206,"minecraft:walk_on_water_one_cm":23844,"minecraft:total_world_time":94976,"minecraft:interact_with_furnace":100,"minecraft:sleep_in_bed":1,"minecraft:time_since_rest":35949,"minecraft:damage_taken":3969,"minecraft:damage_dealt":11670,"minecraft:swim_one_cm":15785,"minecraft:fly_one_cm":410497,"minecraft:open_chest":2,"minecraft:crouch_one_cm":26805,"minecraft:fall_one_cm":81189},"minecraft:picked_up":{"minecraft:crafting_table":14,"minecraft:iron_chestplate":1,"minecraft:chicken":29,"minecraft:wooden_pickaxe":5,"minecraft:string":13,"minecraft:raw_copper":4,"minecraft:iron_leggings":1,"minecraft:beetroot":1,"minecraft:cobbled_deepslate":70,"minecraft:beef":62,"minecraft:iron_pickaxe":1,"minecraft:light_gray_wool":1,"minecraft:sugar_cane":108,"minecraft:furnace":25,"minecraft:iron_boots":1,"minecraft:egg":3,"minecraft:raw_iron":152,"minecraft:stick":31,"minecraft:torch":69,"minecraft:porkchop":37,"minecraft:pointed_dripstone":15,"minecraft:diorite":2,"minecraft:carrot":19,"minecraft:stone_sword":5,"minecraft:arrow":16,"minecraft:rotten_flesh":18,"minecraft:beetroot_seeds":9,"minecraft:pink_tulip":1,"minecraft:mutton":19,"minecraft:white_wool":11,"minecraft:cobblestone":231,"minecraft:birch_log":5,"minecraft:feather":60,"minecraft:cooked_beef":12,"minecraft:glow_ink_sac":3,"minecraft:water_bucket":1,"minecraft:andesite":6,"minecraft:leather":44,"minecraft:brown_wool":1,"minecraft:potato":5,"minecraft:oak_log":50,"minecraft:yellow_bed":1,"minecraft:gunpowder":5,"minecraft:lapis_lazuli":14,"minecraft:dirt":34,"minecraft:bone":21,"minecraft:apple":8,"minecraft:bow":1,"minecraft:wheat_seeds":50,"minecraft:raw_gold":38,"minecraft:bell":1,"minecraft:iron_ingot":5,"minecraft:stone_pickaxe":4,"minecraft:cooked_chicken":10,"minecraft:oak_planks":87,"minecraft:pumpkin":2,"minecraft:dandelion":1,"minecraft:dripstone_block":5,"minecraft:gravel":1,"minecraft:spider_eye":2,"minecraft:diamond":6,"minecraft:stone_axe":4,"minecraft:iron_helmet":1,"minecraft:coal":160},"minecraft:crafted":{"minecraft:oak_planks":120,"minecraft:furnace":6,"minecraft:iron_boots":2,"minecraft:stone_pickaxe":4,"minecraft:cooked_beef":39,"minecraft:crafting_table":4,"minecraft:wooden_pickaxe":2,"minecraft:iron_helmet":2,"minecraft:iron_sword":1,"minecraft:bucket":2,"minecraft:stone_axe":2,"minecraft:air":0,"minecraft:iron_chestplate":2,"minecraft:stick":84,"minecraft:iron_ingot":76,"minecraft:iron_pickaxe":2,"minecraft:stone_sword":2,"minecraft:iron_leggings":2,"minecraft:torch":244},"minecraft:broken":{"minecraft:stone_sword":1,"minecraft:stone_pickaxe":3},"minecraft:used":{"minecraft:beetroot":1,"minecraft:stone_sword":223,"minecraft:iron_sword":11,"minecraft:iron_chestplate":2,"minecraft:torch":156,"minecraft:dirt":34,"minecraft:mutton":8,"minecraft:carrot":16,"minecraft:iron_helmet":2,"minecraft:iron_boots":2,"minecraft:bow":1,"minecraft:beef":2,"minecraft:furnace":21,"minecraft:egg":1,"minecraft:potato":3,"minecraft:cooked_beef":17,"minecraft:cobbled_deepslate":28,"minecraft:iron_leggings":2,"minecraft:water_bucket":4,"minecraft:diorite":1,"minecraft:pink_tulip":1,"minecraft:stone_pickaxe":348,"minecraft:oak_planks":16,"minecraft:wooden_pickaxe":34,"minecraft:white_wool":5,"minecraft:crafting_table":13,"minecraft:spider_eye":2,"minecraft:apple":11,"minecraft:chicken":6,"minecraft:iron_pickaxe":201,"minecraft:stone_axe":50,"minecraft:cobblestone":43,"minecraft:porkchop":21,"minecraft:andesite":2,"minecraft:bucket":5,"minecraft:dandelion":1},"minecraft:mined":{"minecraft:diamond_ore":1,"minecraft:deepslate_diamond_ore":3,"minecraft:sculk_vein":1,"minecraft:grass_block":2,"minecraft:furnace":21,"minecraft:carrots":2,"minecraft:iron_ore":107,"minecraft:andesite":2,"minecraft:deepslate_lapis_ore":2,"minecraft:bell":1,"minecraft:pointed_dripstone":2,"minecraft:deepslate_iron_ore":21,"minecraft:pink_tulip":1,"minecraft:stone":135,"minecraft:dandelion":1,"minecraft:crafting_table":10,"minecraft:cobblestone":3,"minecraft:copper_ore":1,"minecraft:tall_grass":8,"minecraft:deepslate_gold_ore":22,"minecraft:sugar_cane":31,"minecraft:sculk":13,"minecraft:diorite":2,"minecraft:wall_torch":1,"minecraft:birch_log":5,"minecraft:birch_leaves":1,"minecraft:grass":23,"minecraft:oak_log":48,"minecraft:coal_ore":110,"minecraft:beetroots":1,"minecraft:dripstone_block":1,"minecraft:dirt":2,"minecraft:oak_leaves":2,"minecraft:deepslate":37}},"DataVersion":3120}