{"stats":{"minecraft:dropped":{"minecraft:wheat_seeds":32,"minecraft:feather":17,"minecraft:coal":31,"minecraft:oxeye_daisy":1,"minecraft:diorite":1,"minecraft:torch":32,"minecraft:brown_wool":1,"minecraft:white_wool":6,"minecraft:dandelion":1,"minecraft:stone_axe":2,"minecraft:cooked_chicken":10,"minecraft:stone_sword":1,"minecraft:raw_iron":14,"minecraft:pointed_dripstone":14,"minecraft:chicken":18,"minecraft:rotten_flesh":10,"minecraft:light_gray_wool":1,"minecraft:oak_planks":2,"minecraft:potato":5,"minecraft:gunpowder":3,"minecraft:beetroot_seeds":3,"minecraft:andesite":3,"minecraft:yellow_bed":1,"minecraft:arrow":3,"minecraft:wooden_pickaxe":3,"minecraft:stone_pickaxe":2,"minecraft:bell":1,"minecraft:egg":3},"minecraft:killed_by":{"minecraft:enderman":3,"minecraft:skeleton":1},"minecraft:killed":{"minecraft:cave_spider":3,"minecraft:spider":6,"minecraft:skeleton":12,"minecraft:chicken":12,"minecraft:pig":11,"minecraft:salmon":1,"minecraft:creeper":2,"minecraft:sheep":13,"minecraft:zombie":24,"minecraft:enderman":3,"minecraft:cow":37},"minecraft:custom":{"minecraft:mob_kills":124,"minecraft:interact_with_crafting_table":28,"minecraft:time_since_death":59925,"minecraft:sprint_one_cm":755349,"minecraft:walk_one_cm":273969,"minecraft:drop":58,"minecraft:talked_to_villager":5,"minecraft:play_time":118976,"minecraft:deaths":6,"minecraft:sneak_time":7044,"minecraft:walk_under_water_one_cm":5322,"minecraft:jump":2937,"minecraft:walk_on_water_one_cm":28893,"minecraft:total_world_time":118976,"minecraft:interact_with_furnace":140,"minecraft:sleep_in_bed":1,"minecraft:time_since_rest":59949,"minecraft:damage_taken":5217,"minecraft:damage_dealt":16585,"minecraft:swim_one_cm":29801,"minecraft:fly_one_cm":574632,"minecraft:open_chest":2,"minecraft:crouch_one_cm":28324,"minecraft:fall_one_cm":108851},"minecraft:picked_up":{"minecraft:crafting_table":14,"minecraft:iron_chestplate":1,"minecraft:chicken":29,"minecraft:wooden_pickaxe":5,"minecraft:string":40,"minecraft:raw_copper":4,"minecraft:iron_leggings":1,"minecraft:beetroot":1,"minecraft:cobbled_deepslate":70,"minecraft:beef":86,"minecraft:iron_pickaxe":1,"minecraft:light_gray_wool":3,"minecraft:sugar_cane":150,"minecraft:furnace":29,"minecraft:iron_boots":1,"minecraft:egg":4,"minecraft:raw_iron":185,"minecraft:stick":31,"minecraft:torch":70,"minecraft:porkchop":37,"minecraft:pointed_dripstone":15,"minecraft:diorite":2,"minecraft:carrot":19,"minecraft:stone_sword":5,"minecraft:arrow":19,"minecraft:rotten_flesh":24,"minecraft:beetroot_seeds":9,"minecraft:pink_tulip":1,"minecraft:mutton":25,"minecraft:white_wool":14,"minecraft:cobblestone":231,"minecraft:oxeye_daisy":1,"minecraft:birch_log":5,"minecraft:feather":60,"minecraft:cooked_beef":13,"minecraft:salmon":1,"minecraft:glow_ink_sac":3,"minecraft:water_bucket":1,"minecraft:andesite":6,"minecraft:leather":58,"minecraft:brown_wool":1,"minecraft:potato":5,"minecraft:oak_log":50,"minecraft:yellow_bed":1,"minecraft:gunpowder":5,"minecraft:lapis_lazuli":14,"minecraft:dirt":51,"minecraft:bone":27,"minecraft:apple":8,"minecraft:bow":1,"minecraft:wheat_seeds":51,"minecraft:raw_gold":38,"minecraft:bell":1,"minecraft:iron_ingot":5,"minecraft:stone_pickaxe":4,"minecraft:cooked_chicken":10,"minecraft:oak_planks":88,"minecraft:pumpkin":2,"minecraft:dandelion":2,"minecraft:dripstone_block":5,"minecraft:gravel":4,"minecraft:spider_eye":4,"minecraft:diamond":6,"minecraft:stone_axe":4,"minecraft:iron_helmet":1,"minecraft:granite":1,"minecraft:emerald":1,"minecraft:coal":160,"minecraft:ender_pearl":2},"minecraft:crafted":{"minecraft:oak_planks":120,"minecraft:furnace":6,"minecraft:iron_boots":2,"minecraft:stone_pickaxe":4,"minecraft:cooked_beef":62,"minecraft:crafting_table":4,"minecraft:wooden_pickaxe":2,"minecraft:iron_helmet":2,"minecraft:iron_sword":1,"minecraft:bucket":2,"minecraft:stone_axe":2,"minecraft:air":0,"minecraft:iron_chestplate":2,"minecraft:stick":100,"minecraft:iron_ingot":95,"minecraft:iron_pickaxe":2,"minecraft:stone_sword":2,"minecraft:iron_leggings":2,"minecraft:torch":308},"minecraft:broken":{"minecraft:stone_sword":1,"minecraft:stone_pickaxe":3},"minecraft:used":{"minecraft:beetroot":1,"minecraft:stone_sword":223,"minecraft:iron_sword":141,"minecraft:iron_chestplate":2,"minecraft:torch":203,"minecraft:dirt":38,"minecraft:mutton":8,"minecraft:carrot":16,"minecraft:granite":1,"minecraft:iron_helmet":2,"minecraft:iron_boots":2,"minecraft:light_gray_wool":2,"minecraft:bow":5,"minecraft:beef":2,"minecraft:furnace":25,"minecraft:egg":1,"minecraft:potato":3,"minecraft:cooked_beef":33,"minecraft:cobbled_deepslate":28,"minecraft:iron_leggings":2,"minecraft:water_bucket":6,"minecraft:diorite":1,"minecraft:pink_tulip":1,"minecraft:stone_pickaxe":348,"minecraft:oak_planks":16,"minecraft:wooden_pickaxe":34,"minecraft:white_wool":8,"minecraft:crafting_table":13,"minecraft:spider_eye":2,"minecraft:apple":11,"minecraft:chicken":6,"minecraft:iron_pickaxe":261,"minecraft:gravel":3,"minecraft:stone_axe":50,"minecraft:cobblestone":59,"minecraft:porkchop":21,"minecraft:andesite":2,"minecraft:bucket":7,"minecraft:dandelion":1},"minecraft:mined":{"minecraft:diamond_ore":1,"minecraft:deepslate_diamond_ore":3,"minecraft:sculk_vein":1,"minecraft:granite":1,"minecraft:grass_block":4,"minecraft:spawner":2,"minecraft:furnace":25,"minecraft:carrots":2,"minecraft:iron_ore":140,"minecraft:andesite":3,"minecraft:deepslate_lapis_ore":2,"minecraft:bell":1,"minecraft:pointed_dripstone":2,"minecraft:deepslate_iron_ore":21,"minecraft:pink_tulip":1,"minecraft:stone":150,"minecraft:dandelion":1,"minecraft:crafting_table":10,"minecraft:emerald_ore":1,"minecraft:cobblestone":3,"minecraft:copper_ore":1,"minecraft:tall_grass":12,"minecraft:deepslate_gold_ore":22,"minecraft:sugar_cane":51,"minecraft:sculk":13,"minecraft:diorite":2,"minecraft:wall_torch":2,"minecraft:birch_log":5,"minecraft:birch_leaves":1,"minecraft:light_gray_wool":1,"minecraft:grass":25,"minecraft:oak_log":48,"minecraft:coal_ore":110,"minecraft:beetroots":1,"minecraft:gravel":3,"minecraft:dripstone_block":1,"minecraft:dirt":3,"minecraft:cobweb":25,"minecraft:oak_leaves":2,"minecraft:deepslate":37}},"DataVersion":3120}