{"stats":{"minecraft:dropped":{"minecraft:wheat_seeds":32,"minecraft:feather":17,"minecraft:coal":31,"minecraft:oxeye_daisy":1,"minecraft:diorite":1,"minecraft:torch":32,"minecraft:brown_wool":1,"minecraft:white_wool":6,"minecraft:dandelion":1,"minecraft:stone_axe":2,"minecraft:cooked_chicken":10,"minecraft:stone_sword":2,"minecraft:pointed_dripstone":14,"minecraft:raw_iron":14,"minecraft:chicken":18,"minecraft:rotten_flesh":11,"minecraft:light_gray_wool":1,"minecraft:oak_planks":2,"minecraft:potato":5,"minecraft:gunpowder":3,"minecraft:beetroot_seeds":3,"minecraft:andesite":3,"minecraft:yellow_bed":1,"minecraft:wooden_pickaxe":4,"minecraft:arrow":3,"minecraft:stone_pickaxe":2,"minecraft:bell":1,"minecraft:egg":3},"minecraft:killed_by":{"minecraft:creeper":1,"minecraft:enderman":3,"minecraft:skeleton":3,"minecraft:zombie":2},"minecraft:killed":{"minecraft:cave_spider":3,"minecraft:spider":7,"minecraft:cod":1,"minecraft:skeleton":14,"minecraft:chicken":14,"minecraft:pig":19,"minecraft:salmon":1,"minecraft:creeper":2,"minecraft:sheep":33,"minecraft:zombie":27,"minecraft:cow":40,"minecraft:enderman":3},"minecraft:custom":{"minecraft:mob_kills":164,"minecraft:interact_with_crafting_table":37,"minecraft:time_since_death":14580,"minecraft:sprint_one_cm":1056484,"minecraft:walk_one_cm":404752,"minecraft:drop":61,"minecraft:talked_to_villager":5,"minecraft:play_time":167541,"minecraft:deaths":11,"minecraft:sneak_time":9649,"minecraft:walk_under_water_one_cm":10897,"minecraft:boat_one_cm":38626,"minecraft:jump":4745,"minecraft:walk_on_water_one_cm":42475,"minecraft:total_world_time":167541,"minecraft:interact_with_furnace":161,"minecraft:sleep_in_bed":2,"minecraft:time_since_rest":14606,"minecraft:damage_taken":6916,"minecraft:damage_dealt":20907,"minecraft:swim_one_cm":48500,"minecraft:fly_one_cm":812844,"minecraft:open_chest":3,"minecraft:crouch_one_cm":39522,"minecraft:fall_one_cm":145489},"minecraft:picked_up":{"minecraft:crafting_table":15,"minecraft:iron_chestplate":1,"minecraft:chicken":31,"minecraft:wooden_pickaxe":5,"minecraft:string":40,"minecraft:raw_copper":4,"minecraft:iron_leggings":1,"minecraft:beetroot":1,"minecraft:cobbled_deepslate":70,"minecraft:beef":93,"minecraft:iron_pickaxe":1,"minecraft:light_gray_wool":3,"minecraft:sugar_cane":170,"minecraft:furnace":32,"minecraft:egg":4,"minecraft:iron_boots":1,"minecraft:stick":33,"minecraft:raw_iron":197,"minecraft:torch":70,"minecraft:porkchop":53,"minecraft:pointed_dripstone":15,"minecraft:diorite":2,"minecraft:carrot":19,"minecraft:stone_sword":5,"minecraft:arrow":20,"minecraft:rotten_flesh":25,"minecraft:beetroot_seeds":9,"minecraft:pink_tulip":1,"minecraft:mutton":56,"minecraft:white_wool":33,"minecraft:cobblestone":302,"minecraft:oxeye_daisy":1,"minecraft:birch_log":5,"minecraft:feather":62,"minecraft:cooked_beef":13,"minecraft:andesite":6,"minecraft:glow_ink_sac":3,"minecraft:water_bucket":1,"minecraft:salmon":1,"minecraft:brown_wool":1,"minecraft:leather":61,"minecraft:potato":5,"minecraft:oak_log":101,"minecraft:yellow_bed":1,"minecraft:gunpowder":5,"minecraft:lapis_lazuli":14,"minecraft:dirt":66,"minecraft:bone":28,"minecraft:apple":8,"minecraft:bow":1,"minecraft:wheat_seeds":51,"minecraft:raw_gold":38,"minecraft:bell":1,"minecraft:stone_pickaxe":4,"minecraft:iron_ingot":5,"minecraft:cooked_chicken":10,"minecraft:oak_planks":89,"minecraft:cooked_porkchop":2,"minecraft:pumpkin":2,"minecraft:sweet_berries":16,"minecraft:dandelion":2,"minecraft:dripstone_block":5,"minecraft:gravel":4,"minecraft:white_bed":1,"minecraft:spruce_log":1,"minecraft:spider_eye":5,"minecraft:diamond":6,"minecraft:stone_axe":4,"minecraft:iron_helmet":1,"minecraft:granite":1,"minecraft:bone_meal":1,"minecraft:gray_wool":1,"minecraft:emerald":4,"minecraft:coal":267,"minecraft:ender_pearl":2},"minecraft:crafted":{"minecraft:oak_planks":280,"minecraft:furnace":9,"minecraft:cooked_mutton":12,"minecraft:iron_boots":2,"minecraft:stone_pickaxe":5,"minecraft:cooked_beef":62,"minecraft:cooked_porkchop":6,"minecraft:crafting_table":9,"minecraft:spruce_planks":4,"minecraft:wooden_pickaxe":3,"minecraft:iron_helmet":2,"minecraft:iron_sword":1,"minecraft:bucket":2,"minecraft:stone_axe":4,"minecraft:air":0,"minecraft:oak_boat":1,"minecraft:iron_chestplate":2,"minecraft:stick":140,"minecraft:iron_ingot":95,"minecraft:iron_pickaxe":2,"minecraft:stone_sword":3,"minecraft:iron_leggings":2,"minecraft:white_bed":1,"minecraft:torch":404},"minecraft:broken":{"minecraft:stone_sword":1,"minecraft:stone_pickaxe":3},"minecraft:used":{"minecraft:beetroot":1,"minecraft:stone_sword":264,"minecraft:iron_sword":188,"minecraft:iron_chestplate":3,"minecraft:torch":234,"minecraft:dirt":51,"minecraft:mutton":25,"minecraft:carrot":16,"minecraft:granite":1,"minecraft:iron_helmet":3,"minecraft:iron_boots":3,"minecraft:light_gray_wool":2,"minecraft:bow":5,"minecraft:beef":2,"minecraft:sweet_berries":14,"minecraft:furnace":28,"minecraft:egg":1,"minecraft:cooked_beef":34,"minecraft:potato":3,"minecraft:cobbled_deepslate":28,"minecraft:iron_leggings":3,"minecraft:cooked_mutton":2,"minecraft:water_bucket":6,"minecraft:diorite":1,"minecraft:pink_tulip":1,"minecraft:stone_pickaxe":380,"minecraft:oak_planks":26,"minecraft:wooden_pickaxe":50,"minecraft:white_wool":13,"minecraft:crafting_table":18,"minecraft:spider_eye":3,"minecraft:white_bed":1,"minecraft:apple":11,"minecraft:chicken":7,"minecraft:iron_pickaxe":415,"minecraft:gravel":3,"minecraft:stone_axe":92,"minecraft:cobblestone":66,"minecraft:porkchop":26,"minecraft:andesite":2,"minecraft:bucket":7,"minecraft:oak_boat":1,"minecraft:gray_wool":1,"minecraft:dandelion":1},"minecraft:mined":{"minecraft:diamond_ore":1,"minecraft:white_bed":1,"minecraft:deepslate_diamond_ore":3,"minecraft:sculk_vein":1,"minecraft:granite":1,"minecraft:grass_block":12,"minecraft:spawner":2,"minecraft:furnace":28,"minecraft:carrots":2,"minecraft:iron_ore":152,"minecraft:andesite":3,"minecraft:deepslate_lapis_ore":2,"minecraft:bell":1,"minecraft:pointed_dripstone":2,"minecraft:deepslate_iron_ore":21,"minecraft:pink_tulip":1,"minecraft:stone":222,"minecraft:dandelion":1,"minecraft:crafting_table":11,"minecraft:emerald_ore":4,"minecraft:tall_grass":13,"minecraft:copper_ore":1,"minecraft:cobblestone":3,"minecraft:deepslate_gold_ore":22,"minecraft:oak_planks":1,"minecraft:sugar_cane":58,"minecraft:sculk":13,"minecraft:diorite":2,"minecraft:wall_torch":2,"minecraft:birch_log":5,"minecraft:sweet_berry_bush":1,"minecraft:spruce_log":1,"minecraft:birch_leaves":1,"minecraft:light_gray_wool":1,"minecraft:grass":28,"minecraft:oak_log":99,"minecraft:coal_ore":218,"minecraft:beetroots":1,"minecraft:gravel":3,"minecraft:dripstone_block":1,"minecraft:dirt":10,"minecraft:cobweb":25,"minecraft:oak_leaves":7,"minecraft:deepslate":37}},"DataVersion":3120}