{"stats":{"minecraft:dropped":{"minecraft:wheat_seeds":6,"minecraft:cooked_chicken":5,"minecraft:pointed_dripstone":10,"minecraft:raw_iron":4,"minecraft:chicken":9,"minecraft:feather":17,"minecraft:rotten_flesh":2,"minecraft:gunpowder":2,"minecraft:wooden_pickaxe":1,"minecraft:egg":2},"minecraft:killed":{"minecraft:pig":7,"minecraft:spider":1,"minecraft:skeleton":2,"minecraft:zombie":7,"minecraft:cow":10},"minecraft:custom":{"minecraft:interact_with_furnace":13,"minecraft:mob_kills":27,"minecraft:interact_with_crafting_table":9,"minecraft:time_since_death":28976,"minecraft:sleep_in_bed":1,"minecraft:time_since_rest":15974,"minecraft:sprint_one_cm":196065,"minecraft:damage_taken":655,"minecraft:walk_one_cm":77415,"minecraft:drop":17,"minecraft:damage_dealt":3432,"minecraft:swim_one_cm":5510,"minecraft:talked_to_villager":5,"minecraft:fly_one_cm":113951,"minecraft:open_chest":2,"minecraft:crouch_one_cm":6217,"minecraft:play_time":28976,"minecraft:sneak_time":1676,"minecraft:walk_under_water_one_cm":632,"minecraft:jump":573,"minecraft:walk_on_water_one_cm":11016,"minecraft:total_world_time":28976,"minecraft:fall_one_cm":20474},"minecraft:picked_up":{"minecraft:crafting_table":5,"minecraft:feather":17,"minecraft:cooked_beef":1,"minecraft:chicken":18,"minecraft:andesite":2,"minecraft:leather":15,"minecraft:wooden_pickaxe":1,"minecraft:potato":5,"minecraft:oak_log":9,"minecraft:yellow_bed":1,"minecraft:gunpowder":2,"minecraft:string":2,"minecraft:raw_copper":2,"minecraft:bone":5,"minecraft:apple":4,"minecraft:wheat_seeds":6,"minecraft:cobbled_deepslate":11,"minecraft:bell":1,"minecraft:stone_pickaxe":1,"minecraft:beef":24,"minecraft:cooked_chicken":10,"minecraft:sugar_cane":31,"minecraft:oak_planks":5,"minecraft:egg":2,"minecraft:furnace":3,"minecraft:raw_iron":46,"minecraft:pumpkin":1,"minecraft:torch":20,"minecraft:porkchop":18,"minecraft:pointed_dripstone":10,"minecraft:stone_sword":1,"minecraft:arrow":3,"minecraft:rotten_flesh":2,"minecraft:stone_axe":1,"minecraft:mutton":3,"minecraft:coal":56,"minecraft:white_wool":2,"minecraft:cobblestone":78},"minecraft:crafted":{"minecraft:cooked_beef":14,"minecraft:oak_planks":36,"minecraft:crafting_table":1,"minecraft:wooden_pickaxe":1,"minecraft:furnace":2,"minecraft:air":0,"minecraft:stick":56,"minecraft:stone_pickaxe":3,"minecraft:stone_sword":1,"minecraft:torch":116},"minecraft:broken":{"minecraft:stone_pickaxe":2},"minecraft:used":{"minecraft:stone_sword":31,"minecraft:stone_pickaxe":218,"minecraft:wooden_pickaxe":16,"minecraft:torch":39,"minecraft:crafting_table":5,"minecraft:apple":11,"minecraft:cobblestone":20,"minecraft:beef":2,"minecraft:furnace":2,"minecraft:porkchop":8,"minecraft:andesite":1,"minecraft:cooked_beef":3,"minecraft:potato":3,"minecraft:cobbled_deepslate":2},"minecraft:mined":{"minecraft:crafting_table":4,"minecraft:tall_grass":1,"minecraft:copper_ore":1,"minecraft:cobblestone":3,"minecraft:sugar_cane":13,"minecraft:wall_torch":1,"minecraft:furnace":2,"minecraft:iron_ore":33,"minecraft:andesite":2,"minecraft:bell":1,"minecraft:grass":3,"minecraft:coal_ore":42,"minecraft:oak_log":9,"minecraft:deepslate_iron_ore":1,"minecraft:stone":47,"minecraft:oak_leaves":1,"minecraft:deepslate":11}},"DataVersion":3120}