{"stats":{"minecraft:dropped":{"minecraft:wheat_seeds":32,"minecraft:feather":17,"minecraft:coal":31,"minecraft:oxeye_daisy":1,"minecraft:diorite":1,"minecraft:torch":32,"minecraft:brown_wool":1,"minecraft:white_wool":6,"minecraft:dandelion":1,"minecraft:stone_axe":2,"minecraft:cooked_chicken":10,"minecraft:stone_sword":2,"minecraft:pointed_dripstone":14,"minecraft:raw_iron":14,"minecraft:chicken":18,"minecraft:rotten_flesh":11,"minecraft:light_gray_wool":1,"minecraft:oak_planks":2,"minecraft:potato":5,"minecraft:gunpowder":3,"minecraft:beetroot_seeds":3,"minecraft:andesite":3,"minecraft:yellow_bed":1,"minecraft:wooden_pickaxe":3,"minecraft:arrow":3,"minecraft:stone_pickaxe":2,"minecraft:bell":1,"minecraft:egg":3},"minecraft:killed_by":{"minecraft:creeper":1,"minecraft:enderman":3,"minecraft:skeleton":3,"minecraft:zombie":2},"minecraft:killed":{"minecraft:cave_spider":3,"minecraft:spider":7,"minecraft:skeleton":14,"minecraft:chicken":12,"minecraft:pig":15,"minecraft:salmon":1,"minecraft:creeper":2,"minecraft:sheep":24,"minecraft:zombie":27,"minecraft:cow":37,"minecraft:enderman":3},"minecraft:custom":{"minecraft:mob_kills":145,"minecraft:interact_with_crafting_table":34,"minecraft:time_since_death":2580,"minecraft:sprint_one_cm":992975,"minecraft:walk_one_cm":373851,"minecraft:drop":60,"minecraft:talked_to_villager":5,"minecraft:play_time":155541,"minecraft:deaths":11,"minecraft:sneak_time":8884,"minecraft:walk_under_water_one_cm":5629,"minecraft:jump":3942,"minecraft:walk_on_water_one_cm":39585,"minecraft:total_world_time":155541,"minecraft:interact_with_furnace":161,"minecraft:sleep_in_bed":2,"minecraft:time_since_rest":2606,"minecraft:damage_taken":6756,"minecraft:damage_dealt":19327,"minecraft:swim_one_cm":38948,"minecraft:fly_one_cm":755124,"minecraft:open_chest":3,"minecraft:crouch_one_cm":36993,"minecraft:fall_one_cm":136935},"minecraft:picked_up":{"minecraft:crafting_table":15,"minecraft:iron_chestplate":1,"minecraft:chicken":29,"minecraft:wooden_pickaxe":5,"minecraft:string":40,"minecraft:raw_copper":4,"minecraft:iron_leggings":1,"minecraft:beetroot":1,"minecraft:cobbled_deepslate":70,"minecraft:beef":86,"minecraft:iron_pickaxe":1,"minecraft:light_gray_wool":3,"minecraft:sugar_cane":153,"minecraft:furnace":32,"minecraft:egg":4,"minecraft:iron_boots":1,"minecraft:stick":33,"minecraft:raw_iron":197,"minecraft:torch":70,"minecraft:porkchop":46,"minecraft:pointed_dripstone":15,"minecraft:diorite":2,"minecraft:carrot":19,"minecraft:stone_sword":5,"minecraft:arrow":20,"minecraft:rotten_flesh":25,"minecraft:beetroot_seeds":9,"minecraft:pink_tulip":1,"minecraft:mutton":42,"minecraft:white_wool":25,"minecraft:cobblestone":285,"minecraft:oxeye_daisy":1,"minecraft:birch_log":5,"minecraft:feather":60,"minecraft:cooked_beef":13,"minecraft:andesite":6,"minecraft:glow_ink_sac":3,"minecraft:water_bucket":1,"minecraft:salmon":1,"minecraft:brown_wool":1,"minecraft:leather":58,"minecraft:potato":5,"minecraft:oak_log":86,"minecraft:yellow_bed":1,"minecraft:gunpowder":5,"minecraft:lapis_lazuli":14,"minecraft:dirt":56,"minecraft:bone":28,"minecraft:apple":8,"minecraft:bow":1,"minecraft:wheat_seeds":51,"minecraft:raw_gold":38,"minecraft:bell":1,"minecraft:stone_pickaxe":4,"minecraft:iron_ingot":5,"minecraft:cooked_chicken":10,"minecraft:oak_planks":89,"minecraft:cooked_porkchop":2,"minecraft:pumpkin":2,"minecraft:sweet_berries":16,"minecraft:dandelion":2,"minecraft:dripstone_block":5,"minecraft:gravel":4,"minecraft:white_bed":1,"minecraft:spruce_log":1,"minecraft:spider_eye":5,"minecraft:diamond":6,"minecraft:stone_axe":4,"minecraft:iron_helmet":1,"minecraft:granite":1,"minecraft:emerald":4,"minecraft:coal":242,"minecraft:ender_pearl":2},"minecraft:crafted":{"minecraft:oak_planks":220,"minecraft:furnace":9,"minecraft:cooked_mutton":12,"minecraft:iron_boots":2,"minecraft:stone_pickaxe":4,"minecraft:cooked_beef":62,"minecraft:cooked_porkchop":6,"minecraft:crafting_table":8,"minecraft:spruce_planks":4,"minecraft:wooden_pickaxe":2,"minecraft:iron_helmet":2,"minecraft:iron_sword":1,"minecraft:bucket":2,"minecraft:stone_axe":3,"minecraft:air":0,"minecraft:iron_chestplate":2,"minecraft:stick":140,"minecraft:iron_ingot":95,"minecraft:iron_pickaxe":2,"minecraft:stone_sword":2,"minecraft:iron_leggings":2,"minecraft:white_bed":1,"minecraft:torch":404},"minecraft:broken":{"minecraft:stone_sword":1,"minecraft:stone_pickaxe":3},"minecraft:used":{"minecraft:beetroot":1,"minecraft:stone_sword":223,"minecraft:iron_sword":188,"minecraft:iron_chestplate":3,"minecraft:torch":234,"minecraft:dirt":48,"minecraft:mutton":13,"minecraft:carrot":16,"minecraft:granite":1,"minecraft:iron_helmet":3,"minecraft:iron_boots":3,"minecraft:light_gray_wool":2,"minecraft:bow":5,"minecraft:beef":2,"minecraft:sweet_berries":14,"minecraft:furnace":28,"minecraft:egg":1,"minecraft:cooked_beef":34,"minecraft:potato":3,"minecraft:cobbled_deepslate":28,"minecraft:iron_leggings":3,"minecraft:cooked_mutton":2,"minecraft:water_bucket":6,"minecraft:diorite":1,"minecraft:pink_tulip":1,"minecraft:stone_pickaxe":348,"minecraft:oak_planks":26,"minecraft:wooden_pickaxe":34,"minecraft:white_wool":10,"minecraft:crafting_table":16,"minecraft:spider_eye":3,"minecraft:white_bed":1,"minecraft:apple":11,"minecraft:chicken":6,"minecraft:iron_pickaxe":415,"minecraft:gravel":3,"minecraft:stone_axe":77,"minecraft:cobblestone":60,"minecraft:porkchop":22,"minecraft:andesite":2,"minecraft:bucket":7,"minecraft:dandelion":1},"minecraft:mined":{"minecraft:diamond_ore":1,"minecraft:white_bed":1,"minecraft:deepslate_diamond_ore":3,"minecraft:sculk_vein":1,"minecraft:granite":1,"minecraft:grass_block":9,"minecraft:spawner":2,"minecraft:furnace":28,"minecraft:carrots":2,"minecraft:iron_ore":152,"minecraft:andesite":3,"minecraft:deepslate_lapis_ore":2,"minecraft:bell":1,"minecraft:pointed_dripstone":2,"minecraft:deepslate_iron_ore":21,"minecraft:pink_tulip":1,"minecraft:stone":204,"minecraft:dandelion":1,"minecraft:crafting_table":11,"minecraft:emerald_ore":4,"minecraft:tall_grass":12,"minecraft:copper_ore":1,"minecraft:cobblestone":3,"minecraft:deepslate_gold_ore":22,"minecraft:oak_planks":1,"minecraft:sugar_cane":52,"minecraft:sculk":13,"minecraft:diorite":2,"minecraft:wall_torch":2,"minecraft:birch_log":5,"minecraft:sweet_berry_bush":1,"minecraft:spruce_log":1,"minecraft:birch_leaves":1,"minecraft:light_gray_wool":1,"minecraft:grass":26,"minecraft:oak_log":84,"minecraft:coal_ore":192,"minecraft:beetroots":1,"minecraft:gravel":3,"minecraft:dripstone_block":1,"minecraft:dirt":3,"minecraft:cobweb":25,"minecraft:oak_leaves":7,"minecraft:deepslate":37}},"DataVersion":3120}