{"stats":{"minecraft:dropped":{"minecraft:stone_axe":1,"minecraft:wheat_seeds":9,"minecraft:cooked_chicken":10,"minecraft:stone_sword":1,"minecraft:pointed_dripstone":14,"minecraft:raw_iron":14,"minecraft:chicken":18,"minecraft:feather":17,"minecraft:rotten_flesh":2,"minecraft:oak_planks":2,"minecraft:coal":31,"minecraft:potato":5,"minecraft:gunpowder":2,"minecraft:torch":32,"minecraft:andesite":3,"minecraft:yellow_bed":1,"minecraft:arrow":3,"minecraft:stone_pickaxe":2,"minecraft:wooden_pickaxe":2,"minecraft:bell":1,"minecraft:white_wool":4,"minecraft:egg":2},"minecraft:killed_by":{"minecraft:enderman":1},"minecraft:killed":{"minecraft:pig":7,"minecraft:spider":3,"minecraft:skeleton":5,"minecraft:zombie":9,"minecraft:enderman":1,"minecraft:cow":10},"minecraft:custom":{"minecraft:interact_with_furnace":41,"minecraft:mob_kills":35,"minecraft:interact_with_crafting_table":17,"minecraft:time_since_death":2484,"minecraft:sleep_in_bed":1,"minecraft:time_since_rest":2521,"minecraft:sprint_one_cm":332554,"minecraft:damage_taken":1890,"minecraft:walk_one_cm":131837,"minecraft:drop":40,"minecraft:damage_dealt":5130,"minecraft:swim_one_cm":6288,"minecraft:talked_to_villager":5,"minecraft:fly_one_cm":196327,"minecraft:open_chest":2,"minecraft:crouch_one_cm":12961,"minecraft:play_time":52976,"minecraft:deaths":3,"minecraft:sneak_time":3517,"minecraft:walk_under_water_one_cm":646,"minecraft:jump":1079,"minecraft:walk_on_water_one_cm":13625,"minecraft:total_world_time":52976,"minecraft:fall_one_cm":42487},"minecraft:picked_up":{"minecraft:iron_chestplate":1,"minecraft:crafting_table":9,"minecraft:feather":51,"minecraft:cooked_beef":12,"minecraft:chicken":18,"minecraft:glow_ink_sac":3,"minecraft:water_bucket":1,"minecraft:andesite":6,"minecraft:leather":30,"minecraft:wooden_pickaxe":3,"minecraft:potato":5,"minecraft:oak_log":19,"minecraft:yellow_bed":1,"minecraft:gunpowder":4,"minecraft:dirt":4,"minecraft:lapis_lazuli":14,"minecraft:string":5,"minecraft:raw_copper":4,"minecraft:iron_leggings":1,"minecraft:bone":14,"minecraft:apple":8,"minecraft:wheat_seeds":12,"minecraft:cobbled_deepslate":68,"minecraft:raw_gold":38,"minecraft:iron_ingot":2,"minecraft:bell":1,"minecraft:stone_pickaxe":1,"minecraft:beef":31,"minecraft:cooked_chicken":10,"minecraft:iron_pickaxe":1,"minecraft:sugar_cane":62,"minecraft:oak_planks":7,"minecraft:iron_boots":1,"minecraft:egg":3,"minecraft:furnace":12,"minecraft:stick":16,"minecraft:raw_iron":89,"minecraft:pumpkin":2,"minecraft:torch":68,"minecraft:gravel":1,"minecraft:porkchop":28,"minecraft:pointed_dripstone":14,"minecraft:spider_eye":1,"minecraft:stone_sword":2,"minecraft:arrow":11,"minecraft:rotten_flesh":6,"minecraft:diamond":6,"minecraft:stone_axe":1,"minecraft:iron_helmet":1,"minecraft:mutton":6,"minecraft:coal":92,"minecraft:white_wool":4,"minecraft:cobblestone":148},"minecraft:crafted":{"minecraft:cooked_beef":14,"minecraft:oak_planks":68,"minecraft:crafting_table":3,"minecraft:wooden_pickaxe":2,"minecraft:iron_helmet":1,"minecraft:furnace":2,"minecraft:bucket":1,"minecraft:stone_axe":1,"minecraft:air":0,"minecraft:iron_boots":1,"minecraft:iron_chestplate":1,"minecraft:stick":68,"minecraft:iron_ingot":32,"minecraft:iron_pickaxe":1,"minecraft:stone_pickaxe":4,"minecraft:stone_sword":2,"minecraft:iron_leggings":1,"minecraft:torch":180},"minecraft:broken":{"minecraft:stone_pickaxe":2},"minecraft:used":{"minecraft:water_bucket":4,"minecraft:stone_sword":68,"minecraft:stone_pickaxe":218,"minecraft:wooden_pickaxe":33,"minecraft:iron_chestplate":1,"minecraft:torch":106,"minecraft:dirt":4,"minecraft:mutton":3,"minecraft:crafting_table":9,"minecraft:spider_eye":1,"minecraft:apple":11,"minecraft:iron_pickaxe":101,"minecraft:iron_helmet":1,"minecraft:iron_boots":1,"minecraft:stone_axe":3,"minecraft:cobblestone":21,"minecraft:beef":2,"minecraft:furnace":8,"minecraft:porkchop":12,"minecraft:bucket":4,"minecraft:andesite":2,"minecraft:egg":1,"minecraft:cooked_beef":8,"minecraft:potato":3,"minecraft:cobbled_deepslate":26,"minecraft:iron_leggings":1},"minecraft:mined":{"minecraft:diamond_ore":1,"minecraft:deepslate_diamond_ore":3,"minecraft:crafting_table":7,"minecraft:grass_block":2,"minecraft:tall_grass":1,"minecraft:copper_ore":1,"minecraft:cobblestone":3,"minecraft:deepslate_gold_ore":22,"minecraft:sugar_cane":13,"minecraft:wall_torch":1,"minecraft:furnace":8,"minecraft:iron_ore":50,"minecraft:andesite":2,"minecraft:deepslate_lapis_ore":2,"minecraft:bell":1,"minecraft:grass":4,"minecraft:pointed_dripstone":2,"minecraft:coal_ore":42,"minecraft:oak_log":19,"minecraft:deepslate_iron_ore":18,"minecraft:dirt":2,"minecraft:stone":68,"minecraft:oak_leaves":2,"minecraft:deepslate":35}},"DataVersion":3120}