{"stats":{"minecraft:dropped":{"minecraft:stone_axe":1,"minecraft:wheat_seeds":6,"minecraft:cooked_chicken":10,"minecraft:stone_sword":1,"minecraft:pointed_dripstone":14,"minecraft:raw_iron":14,"minecraft:chicken":18,"minecraft:feather":17,"minecraft:rotten_flesh":2,"minecraft:oak_planks":2,"minecraft:coal":31,"minecraft:potato":5,"minecraft:gunpowder":2,"minecraft:torch":32,"minecraft:andesite":3,"minecraft:yellow_bed":1,"minecraft:arrow":3,"minecraft:stone_pickaxe":2,"minecraft:wooden_pickaxe":2,"minecraft:bell":1,"minecraft:white_wool":4,"minecraft:egg":2},"minecraft:killed_by":{"minecraft:enderman":1},"minecraft:killed":{"minecraft:pig":7,"minecraft:spider":1,"minecraft:skeleton":2,"minecraft:zombie":7,"minecraft:cow":10},"minecraft:custom":{"minecraft:interact_with_furnace":41,"minecraft:mob_kills":27,"minecraft:interact_with_crafting_table":14,"minecraft:time_since_death":1551,"minecraft:sleep_in_bed":1,"minecraft:time_since_rest":1579,"minecraft:sprint_one_cm":268038,"minecraft:damage_taken":1281,"minecraft:walk_one_cm":99655,"minecraft:drop":39,"minecraft:damage_dealt":3686,"minecraft:swim_one_cm":5510,"minecraft:talked_to_villager":5,"minecraft:fly_one_cm":174125,"minecraft:open_chest":2,"minecraft:crouch_one_cm":8636,"minecraft:play_time":40976,"minecraft:deaths":2,"minecraft:sneak_time":2160,"minecraft:walk_under_water_one_cm":632,"minecraft:jump":868,"minecraft:walk_on_water_one_cm":11139,"minecraft:total_world_time":40976,"minecraft:fall_one_cm":36517},"minecraft:picked_up":{"minecraft:crafting_table":7,"minecraft:feather":34,"minecraft:cooked_beef":1,"minecraft:chicken":18,"minecraft:andesite":5,"minecraft:leather":15,"minecraft:wooden_pickaxe":2,"minecraft:potato":5,"minecraft:oak_log":9,"minecraft:yellow_bed":1,"minecraft:gunpowder":3,"minecraft:string":2,"minecraft:raw_copper":2,"minecraft:bone":5,"minecraft:apple":4,"minecraft:wheat_seeds":9,"minecraft:cobbled_deepslate":27,"minecraft:raw_gold":16,"minecraft:bell":1,"minecraft:stone_pickaxe":1,"minecraft:beef":24,"minecraft:cooked_chicken":10,"minecraft:sugar_cane":31,"minecraft:oak_planks":7,"minecraft:egg":3,"minecraft:furnace":9,"minecraft:raw_iron":55,"minecraft:pumpkin":1,"minecraft:torch":20,"minecraft:porkchop":18,"minecraft:pointed_dripstone":14,"minecraft:stone_sword":1,"minecraft:arrow":6,"minecraft:rotten_flesh":4,"minecraft:diamond":2,"minecraft:stone_axe":1,"minecraft:mutton":3,"minecraft:coal":56,"minecraft:white_wool":4,"minecraft:cobblestone":87},"minecraft:crafted":{"minecraft:cooked_beef":14,"minecraft:oak_planks":36,"minecraft:crafting_table":2,"minecraft:wooden_pickaxe":1,"minecraft:iron_helmet":1,"minecraft:furnace":2,"minecraft:bucket":1,"minecraft:air":0,"minecraft:iron_boots":1,"minecraft:iron_chestplate":1,"minecraft:stick":56,"minecraft:iron_ingot":32,"minecraft:iron_pickaxe":1,"minecraft:stone_pickaxe":3,"minecraft:stone_sword":1,"minecraft:iron_leggings":1,"minecraft:torch":116},"minecraft:broken":{"minecraft:stone_pickaxe":2},"minecraft:used":{"minecraft:stone_sword":36,"minecraft:stone_pickaxe":218,"minecraft:wooden_pickaxe":16,"minecraft:iron_chestplate":1,"minecraft:torch":56,"minecraft:crafting_table":8,"minecraft:apple":11,"minecraft:iron_pickaxe":39,"minecraft:iron_helmet":1,"minecraft:iron_boots":1,"minecraft:cobblestone":20,"minecraft:beef":2,"minecraft:furnace":8,"minecraft:porkchop":8,"minecraft:bucket":1,"minecraft:andesite":1,"minecraft:egg":1,"minecraft:cooked_beef":4,"minecraft:potato":3,"minecraft:cobbled_deepslate":2,"minecraft:iron_leggings":1},"minecraft:mined":{"minecraft:diamond_ore":1,"minecraft:deepslate_diamond_ore":1,"minecraft:crafting_table":6,"minecraft:tall_grass":1,"minecraft:copper_ore":1,"minecraft:cobblestone":3,"minecraft:deepslate_gold_ore":16,"minecraft:sugar_cane":13,"minecraft:wall_torch":1,"minecraft:furnace":8,"minecraft:iron_ore":33,"minecraft:andesite":2,"minecraft:bell":1,"minecraft:grass":3,"minecraft:pointed_dripstone":2,"minecraft:coal_ore":42,"minecraft:oak_log":9,"minecraft:deepslate_iron_ore":2,"minecraft:stone":47,"minecraft:oak_leaves":1,"minecraft:deepslate":23}},"DataVersion":3120}