{"stats":{"minecraft:picked_up":{"minecraft:oak_log":9,"minecraft:sugar_cane":3,"minecraft:cobblestone":10},"minecraft:custom":{"minecraft:time_since_rest":4976,"minecraft:open_chest":2,"minecraft:crouch_one_cm":1869,"minecraft:play_time":4976,"minecraft:sprint_one_cm":40627,"minecraft:damage_taken":10,"minecraft:walk_one_cm":11516,"minecraft:sneak_time":486,"minecraft:walk_under_water_one_cm":302,"minecraft:jump":86,"minecraft:damage_dealt":10,"minecraft:time_since_death":4976,"minecraft:walk_on_water_one_cm":1742,"minecraft:total_world_time":4976,"minecraft:interact_with_crafting_table":3,"minecraft:talked_to_villager":5,"minecraft:fall_one_cm":3938,"minecraft:fly_one_cm":22248},"minecraft:crafted":{"minecraft:oak_planks":36,"minecraft:crafting_table":1,"minecraft:stick":4,"minecraft:wooden_pickaxe":1,"minecraft:stone_pickaxe":1},"minecraft:used":{"minecraft:crafting_table":1,"minecraft:wooden_pickaxe":10,"minecraft:potato":3},"minecraft:mined":{"minecraft:grass":1,"minecraft:oak_log":9,"minecraft:stone":10,"minecraft:sugar_cane":1}},"DataVersion":3120}