{"stats":{"minecraft:dropped":{"minecraft:wheat_seeds":36,"minecraft:feather":17,"minecraft:granite":4,"minecraft:coal":31,"minecraft:oxeye_daisy":1,"minecraft:dirt":4,"minecraft:gray_wool":1,"minecraft:diorite":3,"minecraft:torch":32,"minecraft:brown_wool":1,"minecraft:sunflower":3,"minecraft:white_wool":6,"minecraft:dandelion":1,"minecraft:stone_axe":2,"minecraft:cooked_chicken":10,"minecraft:stone_sword":2,"minecraft:pointed_dripstone":14,"minecraft:raw_iron":14,"minecraft:chicken":19,"minecraft:rotten_flesh":17,"minecraft:light_gray_wool":1,"minecraft:oak_planks":2,"minecraft:potato":5,"minecraft:gunpowder":5,"minecraft:beetroot_seeds":3,"minecraft:andesite":3,"minecraft:yellow_bed":1,"minecraft:wooden_pickaxe":5,"minecraft:arrow":3,"minecraft:stone_pickaxe":3,"minecraft:bell":1,"minecraft:egg":3},"minecraft:killed_by":{"minecraft:creeper":1,"minecraft:enderman":3,"minecraft:skeleton":4,"minecraft:zombie":2},"minecraft:killed":{"minecraft:cave_spider":3,"minecraft:spider":13,"minecraft:cod":1,"minecraft:skeleton":29,"minecraft:chicken":20,"minecraft:pig":40,"minecraft:salmon":1,"minecraft:creeper":5,"minecraft:sheep":48,"minecraft:pillager":2,"minecraft:zombie":61,"minecraft:cow":56,"minecraft:enderman":3},"minecraft:custom":{"minecraft:mob_kills":283,"minecraft:interact_with_crafting_table":54,"minecraft:time_since_death":51027,"minecraft:sprint_one_cm":1392617,"minecraft:walk_one_cm":655805,"minecraft:drop":73,"minecraft:talked_to_villager":5,"minecraft:play_time":233541,"minecraft:deaths":12,"minecraft:sneak_time":12671,"minecraft:walk_under_water_one_cm":14270,"minecraft:boat_one_cm":38626,"minecraft:jump":7628,"minecraft:walk_on_water_one_cm":47528,"minecraft:total_world_time":233541,"minecraft:interact_with_furnace":234,"minecraft:sleep_in_bed":2,"minecraft:time_since_rest":51098,"minecraft:damage_taken":10210,"minecraft:damage_dealt":38010,"minecraft:swim_one_cm":58167,"minecraft:fly_one_cm":1214050,"minecraft:open_chest":5,"minecraft:crouch_one_cm":52237,"minecraft:fall_one_cm":206278},"minecraft:picked_up":{"minecraft:crafting_table":21,"minecraft:iron_chestplate":1,"minecraft:chicken":38,"minecraft:wooden_pickaxe":5,"minecraft:string":46,"minecraft:raw_copper":4,"minecraft:iron_leggings":1,"minecraft:beetroot":1,"minecraft:cobbled_deepslate":77,"minecraft:beef":121,"minecraft:iron_pickaxe":1,"minecraft:light_gray_wool":3,"minecraft:sugar_cane":170,"minecraft:furnace":49,"minecraft:egg":8,"minecraft:iron_boots":1,"minecraft:stick":36,"minecraft:raw_iron":283,"minecraft:torch":70,"minecraft:porkchop":97,"minecraft:pointed_dripstone":15,"minecraft:diorite":6,"minecraft:carrot":19,"minecraft:stone_sword":5,"minecraft:arrow":32,"minecraft:rotten_flesh":57,"minecraft:beetroot_seeds":9,"minecraft:pink_tulip":1,"minecraft:mutton":77,"minecraft:snowball":57,"minecraft:white_wool":46,"minecraft:cobblestone":442,"minecraft:oxeye_daisy":1,"minecraft:birch_log":5,"minecraft:feather":66,"minecraft:cooked_beef":13,"minecraft:andesite":12,"minecraft:glow_ink_sac":3,"minecraft:water_bucket":1,"minecraft:salmon":1,"minecraft:brown_wool":1,"minecraft:leather":77,"minecraft:potato":6,"minecraft:oak_log":134,"minecraft:yellow_bed":1,"minecraft:gunpowder":12,"minecraft:lapis_lazuli":24,"minecraft:dirt":74,"minecraft:bone":45,"minecraft:apple":8,"minecraft:bow":1,"minecraft:wheat_seeds":56,"minecraft:raw_gold":38,"minecraft:bell":1,"minecraft:stone_pickaxe":4,"minecraft:iron_ingot":5,"minecraft:cooked_chicken":10,"minecraft:oak_planks":89,"minecraft:cooked_porkchop":2,"minecraft:pumpkin":2,"minecraft:sweet_berries":16,"minecraft:dandelion":2,"minecraft:dripstone_block":5,"minecraft:gravel":6,"minecraft:white_bed":1,"minecraft:spruce_log":1,"minecraft:spider_eye":5,"minecraft:diamond":7,"minecraft:stone_axe":4,"minecraft:iron_helmet":1,"minecraft:granite":10,"minecraft:bone_meal":1,"minecraft:gray_wool":2,"minecraft:emerald":4,"minecraft:coal":398,"minecraft:sunflower":6,"minecraft:ender_pearl":2},"minecraft:crafted":{"minecraft:oak_planks":356,"minecraft:cooked_chicken":6,"minecraft:furnace":17,"minecraft:cooked_mutton":14,"minecraft:iron_boots":3,"minecraft:stone_pickaxe":7,"minecraft:cooked_beef":77,"minecraft:cooked_porkchop":53,"minecraft:crafting_table":13,"minecraft:spruce_planks":4,"minecraft:wooden_pickaxe":4,"minecraft:iron_helmet":3,"minecraft:iron_sword":3,"minecraft:bucket":3,"minecraft:stone_axe":5,"minecraft:bread":2,"minecraft:air":0,"minecraft:oak_boat":1,"minecraft:iron_chestplate":3,"minecraft:stick":216,"minecraft:iron_ingot":136,"minecraft:iron_pickaxe":3,"minecraft:stone_sword":4,"minecraft:iron_leggings":4,"minecraft:white_bed":1,"minecraft:torch":508},"minecraft:broken":{"minecraft:stone_sword":3,"minecraft:stone_pickaxe":4},"minecraft:used":{"minecraft:beetroot":1,"minecraft:stone_sword":524,"minecraft:iron_sword":321,"minecraft:cooked_chicken":3,"minecraft:iron_chestplate":4,"minecraft:torch":298,"minecraft:dirt":55,"minecraft:mutton":41,"minecraft:carrot":16,"minecraft:granite":2,"minecraft:iron_helmet":3,"minecraft:iron_boots":4,"minecraft:light_gray_wool":2,"minecraft:bow":5,"minecraft:beef":2,"minecraft:sweet_berries":14,"minecraft:furnace":45,"minecraft:egg":5,"minecraft:cooked_beef":42,"minecraft:potato":21,"minecraft:cobbled_deepslate":28,"minecraft:iron_leggings":4,"minecraft:cooked_mutton":4,"minecraft:water_bucket":6,"minecraft:diorite":3,"minecraft:pink_tulip":1,"minecraft:stone_pickaxe":643,"minecraft:oak_planks":26,"minecraft:wooden_pickaxe":53,"minecraft:white_wool":23,"minecraft:crafting_table":26,"minecraft:spider_eye":3,"minecraft:white_bed":1,"minecraft:apple":11,"minecraft:bread":3,"minecraft:chicken":7,"minecraft:iron_pickaxe":478,"minecraft:gravel":3,"minecraft:stone_axe":157,"minecraft:cobblestone":106,"minecraft:cooked_porkchop":21,"minecraft:porkchop":26,"minecraft:andesite":2,"minecraft:bucket":8,"minecraft:oak_boat":1,"minecraft:gray_wool":1,"minecraft:dandelion":1},"minecraft:mined":{"minecraft:diamond_ore":1,"minecraft:white_bed":1,"minecraft:deepslate_diamond_ore":4,"minecraft:sculk_vein":1,"minecraft:granite":6,"minecraft:grass_block":12,"minecraft:spawner":2,"minecraft:furnace":45,"minecraft:carrots":2,"minecraft:iron_ore":229,"minecraft:andesite":9,"minecraft:deepslate_lapis_ore":4,"minecraft:bell":1,"minecraft:pointed_dripstone":2,"minecraft:deepslate_iron_ore":23,"minecraft:pink_tulip":1,"minecraft:stone":348,"minecraft:dandelion":1,"minecraft:crafting_table":17,"minecraft:emerald_ore":4,"minecraft:tall_grass":24,"minecraft:copper_ore":1,"minecraft:cobblestone":4,"minecraft:deepslate_gold_ore":22,"minecraft:oak_planks":1,"minecraft:sugar_cane":58,"minecraft:sculk":13,"minecraft:diorite":6,"minecraft:wall_torch":2,"minecraft:birch_log":5,"minecraft:sweet_berry_bush":1,"minecraft:spruce_log":1,"minecraft:birch_leaves":1,"minecraft:light_gray_wool":1,"minecraft:yellow_bed":1,"minecraft:grass":57,"minecraft:oak_log":132,"minecraft:coal_ore":300,"minecraft:beetroots":1,"minecraft:sunflower":4,"minecraft:gravel":3,"minecraft:dripstone_block":1,"minecraft:dirt":10,"minecraft:cobweb":25,"minecraft:oak_leaves":13,"minecraft:deepslate":40}},"DataVersion":3120}