{
  "the_bumblezone:the_bumblezone/wiki": {
    "criteria": {
      "instant_granted": "2024-09-13 02:15:29 +0000"
    },
    "done": true
  },
  "the_bumblezone:the_bumblezone/root": {
    "criteria": {
      "instant_granted": "2024-09-13 02:15:29 +0000"
    },
    "done": true
  },
  "various_world:welcometothe_various_world": {
    "criteria": {
      "welcometothe_various_world": "2024-09-13 02:15:29 +0000"
    },
    "done": true
  },
  "minecraft:adventure/adventuring_time": {
    "criteria": {
      "minecraft:desert": "2024-09-13 02:15:30 +0000"
    },
    "done": false
  },
  "DataVersion": 3120
}